img_original,triangle_id,camera_view,object_in_square,img_marked,img_width_px,img_height_px,Ax_px,Ay_px,Bx_px,By_px,Cx_px,Cy_px,AB_px,BC_px,CA_px,angle_A_deg,angle_B_deg,angle_C_deg,side_type,angle_type,ab_over_ac,abs_b_minus_c_deg,max_over_min_side,angle_range_deg
triangles_original/001_P0.jpg,001,planar,none,triangles_marked/001_P0_marked.jpg,1024.0,768.0,698.0,237.0,300.0,278.0,466.0,638.0,400.1062,396.4291,463.2764,54.0667,71.1266,54.8066,isosceles,acute,0.8636,16.32,1.1686,17.0599
triangles_original/001_P1.jpg,001,planar,rubiks cube,triangles_marked/001_P1_marked.jpg,1024.0,768.0,678.0,228.0,281.0,268.0,450.0,625.0,399.01,394.981,457.8133,54.3775,70.4211,55.2014,isosceles,acute,0.8716,15.2196,1.1591,16.0436
triangles_original/001_T0.jpg,001,tilted,none,triangles_marked/001_T0_marked.jpg,1024.0,768.0,576.0,415.0,668.0,255.0,364.0,111.0,184.5644,336.3807,370.6211,64.7896,85.4473,29.7631,scalene,acute,0.498,55.6842,2.0081,55.6842
triangles_original/001_T1.jpg,001,tilted,rubiks cube,triangles_marked/001_T1_marked.jpg,1024.0,768.0,587.0,424.0,676.0,263.0,372.0,126.0,183.962,333.4441,367.4629,64.7432,85.3255,29.9314,scalene,acute,0.5006,55.3941,1.9975,55.3941
triangles_original/002_P0.jpg,002,planar,none,triangles_marked/002_P0_marked.jpg,1024.0,768.0,755.0,309.0,460.0,333.0,629.0,600.0,295.9747,315.9905,317.1072,61.9368,62.319,55.7442,isosceles,acute,0.9334,6.5747,1.0714,6.5747
triangles_original/002_P1.jpg,002,planar,rubiks cube,triangles_marked/002_P1_marked.jpg,1024.0,768.0,749.0,311.0,454.0,333.0,623.0,600.0,295.8192,315.9905,315.2729,62.1785,61.9329,55.8887,isosceles,acute,0.9383,6.0442,1.0682,6.2898
triangles_original/002_T0.jpg,002,tilted,none,triangles_marked/002_T0_marked.jpg,768.0,1024.0,402.0,244.0,402.0,144.0,186.0,192.0,100.0,221.2691,222.1711,76.4641,77.4712,26.0647,isosceles,acute,0.4501,51.4065,2.2217,51.4065
triangles_original/002_T1.jpg,002,tilted,rubiks cube,triangles_marked/002_T1_marked.jpg,768.0,1024.0,399.0,241.0,396.0,147.0,177.0,193.0,94.0479,223.7789,227.1299,75.9716,79.9657,24.0628,isosceles,acute,0.4141,55.9029,2.415,55.9029
triangles_original/003_P0.jpg,003,planar,none,triangles_marked/003_P0_marked.jpg,768.0,1024.0,127.0,408.0,505.0,250.0,597.0,575.0,409.6926,337.7706,498.7875,42.2455,83.1212,54.6333,scalene,acute,0.8214,28.4879,1.4767,40.8757
triangles_original/003_P1.jpg,003,planar,rubiks cube,triangles_marked/003_P1_marked.jpg,768.0,1024.0,131.0,407.0,512.0,250.0,602.0,579.0,412.0801,341.088,501.423,42.4565,82.9041,54.6395,scalene,acute,0.8218,28.2646,1.4701,40.4476
triangles_original/003_T0.jpg,003,tilted,none,triangles_marked/003_T0_marked.jpg,1024.0,768.0,368.0,151.0,623.0,281.0,631.0,428.0,286.2254,147.2175,381.966,19.4724,120.1277,40.3998,scalene,obtuse,0.7493,79.7279,2.5946,100.6553
triangles_original/003_T1.jpg,003,tilted,rubiks cube,triangles_marked/003_T1_marked.jpg,1024.0,768.0,361.0,132.0,620.0,263.0,627.0,409.0,290.2447,146.1677,384.0378,19.3306,119.5749,41.0945,scalene,obtuse,0.7558,78.4803,2.6274,100.2442
triangles_original/004_P0.jpg,004,planar,none,triangles_marked/004_P0_marked.jpg,1024.0,768.0,391.0,634.0,236.0,254.0,756.0,336.0,410.3962,526.4257,471.1995,72.9608,58.8484,48.1908,scalene,acute,0.871,10.6576,1.2827,24.7699
triangles_original/004_P1.jpg,004,planar,glass,triangles_marked/004_P1_marked.jpg,1024.0,768.0,384.0,633.0,226.0,251.0,747.0,333.0,413.386,527.4135,470.9236,72.8987,58.585,48.5163,scalene,acute,0.8778,10.0687,1.2758,24.3824
triangles_original/004_T0.jpg,004,tilted,none,triangles_marked/004_T0_marked.jpg,768.0,1024.0,112.0,562.0,323.0,414.0,424.0,553.0,257.7305,171.8197,312.1298,33.3944,90.9562,55.6494,scalene,right,0.8257,35.3068,1.8166,57.5618
triangles_original/004_T1.jpg,004,tilted,glass,triangles_marked/004_T1_marked.jpg,768.0,1024.0,107.0,560.0,321.0,415.0,418.0,552.0,258.4976,167.863,311.1029,32.6469,91.1792,56.1739,scalene,right,0.8309,35.0053,1.8533,58.5323
triangles_original/005_P0.jpg,005,planar,none,triangles_marked/005_P0_marked.jpg,768.0,1024.0,366.0,648.0,154.0,398.0,486.0,484.0,327.7865,342.9577,203.2142,76.4912,35.1796,68.3293,scalene,acute,1.613,33.1497,1.6877,41.3116
triangles_original/005_P1.jpg,005,planar,glass,triangles_marked/005_P1_marked.jpg,768.0,1024.0,353.0,653.0,142.0,399.0,477.0,488.0,330.2075,346.6208,206.4001,76.6421,35.4051,67.9528,scalene,acute,1.5998,32.5476,1.6794,41.237
triangles_original/005_T0.jpg,005,tilted,none,triangles_marked/005_T0_marked.jpg,1024.0,768.0,486.0,269.0,724.0,365.0,376.0,293.0,256.632,355.3702,112.5877,145.7247,10.2779,23.9974,scalene,obtuse,2.2794,13.7195,3.1564,135.4469
triangles_original/005_T1.jpg,005,tilted,glass,triangles_marked/005_T1_marked.jpg,1024.0,768.0,489.0,281.0,726.0,381.0,382.0,300.0,257.2334,353.4077,108.6738,147.0541,9.6271,23.3189,scalene,obtuse,2.367,13.6918,3.252,137.427
triangles_original/006_P0.jpg,006,planar,none,triangles_marked/006_P0_marked.jpg,1024.0,768.0,315.0,120.0,479.0,640.0,841.0,131.0,545.2486,624.5999,526.115,71.2975,52.9249,55.7776,scalene,acute,1.0364,2.8528,1.1872,18.3727
triangles_original/006_P1.jpg,006,planar,glass,triangles_marked/006_P1_marked.jpg,1024.0,768.0,321.0,127.0,485.0,643.0,841.0,133.0,541.4351,621.9614,520.0346,71.7071,52.5483,55.7445,scalene,acute,1.0412,3.1962,1.196,19.1588
triangles_original/006_T0.jpg,006,tilted,none,triangles_marked/006_T0_marked.jpg,768.0,1024.0,665.0,499.0,328.0,268.0,555.0,708.0,408.5707,495.105,236.18,96.6705,28.2813,55.0482,scalene,obtuse,1.7299,26.7669,2.0963,68.3892
triangles_original/006_T1.jpg,006,tilted,glass,triangles_marked/006_T1_marked.jpg,768.0,1024.0,653.0,516.0,323.0,286.0,542.0,721.0,402.2437,487.0175,233.1223,96.4414,28.4018,55.1568,scalene,obtuse,1.7255,26.755,2.0891,68.0396
triangles_original/007_P0.jpg,007,planar,none,triangles_marked/007_P0_marked.jpg,1024.0,768.0,292.0,497.0,438.0,634.0,796.0,137.0,200.2124,612.5137,619.3674,78.7162,82.5875,18.6963,isosceles,acute,0.3233,63.8913,3.0936,63.8913
triangles_original/007_P1.jpg,007,planar,iron,triangles_marked/007_P1_marked.jpg,1024.0,768.0,282.0,507.0,429.0,637.0,774.0,134.0,196.2371,609.9459,617.4083,78.6549,82.9576,18.3875,isosceles,acute,0.3178,64.5701,3.1462,64.5701
triangles_original/007_T0.jpg,007,tilted,none,triangles_marked/007_T0_marked.jpg,1024.0,768.0,486.0,157.0,353.0,101.0,686.0,617.0,144.3087,614.1213,501.5974,136.3322,34.3302,9.3376,scalene,obtuse,0.2877,24.9927,4.2556,126.9947
triangles_original/007_T1.jpg,007,tilted,iron,triangles_marked/007_T1_marked.jpg,1024.0,768.0,489.0,152.0,355.0,95.0,687.0,612.0,145.6194,614.4209,500.8034,136.3323,34.2492,9.4185,scalene,obtuse,0.2908,24.8307,4.2194,126.9138
triangles_original/008_P0.jpg,008,planar,none,triangles_marked/008_P0_marked.jpg,1024.0,768.0,315.0,111.0,450.0,637.0,703.0,433.0,543.0479,325.0,504.2103,35.9163,65.5144,78.5692,scalene,acute,1.077,13.0548,1.6709,42.6529
triangles_original/008_P1.jpg,008,planar,iron,triangles_marked/008_P1_marked.jpg,1024.0,768.0,317.0,107.0,457.0,628.0,709.0,422.0,539.4822,325.4843,502.8807,36.1748,65.7762,78.049,scalene,acute,1.0728,12.2728,1.6575,41.8742
triangles_original/008_T0.jpg,008,tilted,none,triangles_marked/008_T0_marked.jpg,1024.0,768.0,878.0,368.0,478.0,70.0,370.0,252.0,498.8026,211.6318,521.0758,23.8234,83.9991,72.1776,scalene,acute,0.9573,11.8215,2.4622,60.1757
triangles_original/008_T1.jpg,008,tilted,iron,triangles_marked/008_T1_marked.jpg,1024.0,768.0,868.0,380.0,473.0,88.0,368.0,265.0,491.2118,205.8009,513.0546,23.5205,84.204,72.2755,scalene,acute,0.9574,11.9285,2.493,60.6834
triangles_original/009_P0.jpg,009,planar,none,triangles_marked/009_P0_marked.jpg,1024.0,768.0,472.0,296.0,680.0,197.0,699.0,446.0,230.3584,249.7238,272.0827,58.9091,68.9109,52.18,scalene,acute,0.8466,16.7308,1.1811,16.7308
triangles_original/009_P1.jpg,009,planar,iron,triangles_marked/009_P1_marked.jpg,1024.0,768.0,467.0,290.0,674.0,196.0,693.0,445.0,227.3434,249.7238,274.0456,58.867,69.9404,51.1926,scalene,acute,0.8296,18.7478,1.2054,18.7478
triangles_original/009_T0.jpg,009,tilted,none,triangles_marked/009_T0_marked.jpg,768.0,1024.0,499.0,462.0,491.0,598.0,321.0,438.0,136.2351,233.4524,179.6107,94.3125,50.1022,35.5853,scalene,obtuse,0.7585,14.5168,1.7136,58.7272
triangles_original/009_T1.jpg,009,tilted,iron,triangles_marked/009_T1_marked.jpg,768.0,1024.0,528.0,463.0,518.0,601.0,347.0,438.0,138.3618,236.2414,182.7184,93.7194,50.5167,35.7639,scalene,obtuse,0.7572,14.7528,1.7074,57.9555
triangles_original/010_P0.jpg,010,planar,none,triangles_marked/010_P0_marked.jpg,1024.0,768.0,468.0,286.0,592.0,623.0,812.0,395.0,359.0891,316.8343,360.8559,52.2174,64.1782,63.6044,isosceles,acute,0.9951,0.5738,1.1389,11.9608
triangles_original/010_P1.jpg,010,planar,book,triangles_marked/010_P1_marked.jpg,1024.0,768.0,465.0,284.0,591.0,626.0,808.0,393.0,364.4722,318.3991,359.9028,52.1457,63.1885,64.6658,isosceles,acute,1.0127,1.4772,1.1447,12.5201
triangles_original/010_T0.jpg,010,tilted,none,triangles_marked/010_T0_marked.jpg,1024.0,768.0,628.0,311.0,291.0,172.0,460.0,429.0,364.5408,307.5874,205.2998,57.4978,34.2572,88.2449,scalene,right,1.7757,53.9877,1.7757,53.9877
triangles_original/010_T1.jpg,010,tilted,book,triangles_marked/010_T1_marked.jpg,1024.0,768.0,643.0,307.0,306.0,170.0,476.0,427.0,363.7829,308.138,205.6429,57.8227,34.3931,87.7842,scalene,acute,1.769,53.3911,1.769,53.3911
triangles_original/011_P0.jpg,011,planar,none,triangles_marked/011_P0_marked.jpg,1024.0,768.0,331.0,317.0,719.0,541.0,567.0,118.0,448.0179,449.4808,308.7021,70.1369,40.236,69.627,isosceles,acute,1.4513,29.391,1.456,29.9009
triangles_original/011_P1.jpg,011,planar,book,triangles_marked/011_P1_marked.jpg,1024.0,768.0,327.0,316.0,712.0,540.0,561.0,120.0,445.4223,446.3194,305.2409,70.1414,40.0337,69.8249,isosceles,acute,1.4592,29.7913,1.4622,30.1077
triangles_original/011_T0.jpg,011,tilted,none,triangles_marked/011_T0_marked.jpg,1024.0,768.0,472.0,170.0,344.0,510.0,731.0,199.0,363.296,496.4776,260.6185,104.2411,30.5841,45.1747,scalene,obtuse,1.394,14.5906,1.905,73.657
triangles_original/011_T1.jpg,011,tilted,book,triangles_marked/011_T1_marked.jpg,1024.0,768.0,477.0,168.0,344.0,507.0,734.0,198.0,364.1566,497.5751,258.745,104.7635,30.1884,45.0481,scalene,obtuse,1.4074,14.8598,1.923,74.5751
triangles_original/012_P0.jpg,012,planar,none,triangles_marked/012_P0_marked.jpg,1024.0,768.0,251.0,472.0,674.0,562.0,534.0,138.0,432.4685,446.5154,437.7728,61.7367,59.7159,58.5474,equilateral,acute,0.9879,1.1685,1.0325,3.1893
triangles_original/012_P1.jpg,012,planar,book,triangles_marked/012_P1_marked.jpg,1024.0,768.0,248.0,482.0,671.0,568.0,530.0,141.0,431.6538,449.6777,442.4986,61.9021,60.2341,57.8638,equilateral,acute,0.9755,2.3702,1.0418,4.0383
triangles_original/012_T0.jpg,012,tilted,none,triangles_marked/012_T0_marked.jpg,1024.0,768.0,440.0,250.0,244.0,297.0,783.0,388.0,201.5564,546.6278,369.7202,144.5988,23.0676,12.3336,scalene,obtuse,0.5452,10.734,2.712,132.2652
triangles_original/012_T1.jpg,012,tilted,book,triangles_marked/012_T1_marked.jpg,1024.0,768.0,447.0,255.0,254.0,299.0,790.0,391.0,197.952,543.8382,368.9783,145.5288,22.5822,11.889,scalene,obtuse,0.5365,10.6932,2.7473,133.6399
triangles_original/013_P0.jpg,013,planar,none,triangles_marked/013_P0_marked.jpg,1024.0,768.0,285.0,512.0,616.0,653.0,633.0,289.0,359.7805,364.3968,413.3195,55.7251,69.6008,54.6741,isosceles,acute,0.8705,14.9267,1.1488,14.9267
triangles_original/013_P1.jpg,013,planar,kettle,triangles_marked/013_P1_marked.jpg,1024.0,768.0,284.0,501.0,613.0,640.0,627.0,279.0,357.1582,361.2714,408.5744,55.8159,69.3172,54.8669,isosceles,acute,0.8742,14.4502,1.144,14.4502
triangles_original/013_T0.jpg,013,tilted,none,triangles_marked/013_T0_marked.jpg,1024.0,768.0,750.0,364.0,587.0,147.0,344.0,291.0,271.4001,282.4624,412.5106,42.8948,96.2615,40.8437,scalene,obtuse,0.6579,55.4177,1.5199,55.4177
triangles_original/013_T1.jpg,013,tilted,kettle,triangles_marked/013_T1_marked.jpg,1024.0,768.0,742.0,365.0,578.0,145.0,331.0,288.0,274.4012,285.4085,418.1507,42.6859,96.6343,40.6798,scalene,obtuse,0.6562,55.9545,1.5239,55.9545
triangles_original/014_P0.jpg,014,planar,none,triangles_marked/014_P0_marked.jpg,1024.0,768.0,766.0,110.0,325.0,150.0,743.0,366.0,442.8103,470.5104,257.0311,79.6834,32.5102,67.8064,scalene,acute,1.7228,35.2962,1.8306,47.1732
triangles_original/014_P1.jpg,014,planar,kettle,triangles_marked/014_P1_marked.jpg,1024.0,768.0,779.0,105.0,336.0,154.0,757.0,363.0,445.7017,470.0234,258.9363,78.8143,32.7133,68.4724,scalene,acute,1.7213,35.7591,1.8152,46.101
triangles_original/014_T0.jpg,014,tilted,none,triangles_marked/014_T0_marked.jpg,1024.0,768.0,805.0,546.0,817.0,248.0,495.0,424.0,298.2415,366.9605,333.1426,70.8239,59.0337,50.1423,scalene,acute,0.8952,8.8914,1.2304,20.6816
triangles_original/014_T1.jpg,014,tilted,kettle,triangles_marked/014_T1_marked.jpg,1024.0,768.0,803.0,552.0,814.0,249.0,493.0,431.0,303.1996,369.0054,332.7777,70.7573,58.3686,50.8741,scalene,acute,0.9111,7.4945,1.217,19.8832
triangles_original/015_P0.jpg,015,planar,none,triangles_marked/015_P0_marked.jpg,1024.0,768.0,460.0,112.0,802.0,371.0,536.0,545.0,429.0047,317.8553,439.6192,42.9079,70.3271,66.765,isosceles,acute,0.9759,3.5621,1.3831,27.4193
triangles_original/015_P1.jpg,015,planar,kettle,triangles_marked/015_P1_marked.jpg,1024.0,768.0,452.0,102.0,798.0,363.0,531.0,541.0,433.4017,320.8941,446.0516,42.77,70.7186,66.5114,isosceles,acute,0.9716,4.2072,1.39,27.9486
triangles_original/015_T0.jpg,015,tilted,none,triangles_marked/015_T0_marked.jpg,1024.0,768.0,227.0,412.0,348.0,130.0,629.0,207.0,306.8632,291.3589,451.2527,39.7576,97.899,42.3434,scalene,obtuse,0.68,55.5556,1.5488,58.1414
triangles_original/015_T1.jpg,015,tilted,kettle,triangles_marked/015_T1_marked.jpg,1024.0,768.0,221.0,396.0,344.0,111.0,633.0,192.0,310.4094,300.1366,459.7391,40.3139,97.6871,41.9991,scalene,obtuse,0.6752,55.688,1.5318,57.3732
triangles_original/016_P0.jpg,016,planar,none,triangles_marked/016_P0_marked.jpg,1024.0,768.0,466.0,228.0,820.0,372.0,436.0,451.0,382.1675,392.0421,225.0089,75.5265,33.7607,70.7128,isosceles,acute,1.6985,36.9521,1.7423,41.7658
triangles_original/016_P1.jpg,016,planar,apple,triangles_marked/016_P1_marked.jpg,1024.0,768.0,460.0,222.0,821.0,364.0,431.0,445.0,387.924,398.3227,224.8777,75.9372,33.2054,70.8575,isosceles,acute,1.725,37.6521,1.7713,42.7318
triangles_original/016_T0.jpg,016,tilted,none,triangles_marked/016_T0_marked.jpg,1024.0,768.0,666.0,271.0,507.0,478.0,460.0,197.0,261.0172,284.9035,218.8881,72.231,47.0238,60.7451,scalene,acute,1.1925,13.7213,1.3016,25.2072
triangles_original/016_T1.jpg,016,tilted,apple,triangles_marked/016_T1_marked.jpg,1024.0,768.0,710.0,267.0,553.0,472.0,507.0,187.0,258.2131,288.6884,218.1949,74.062,46.6155,59.3225,scalene,acute,1.1834,12.707,1.3231,27.4465
triangles_original/017_P0.jpg,017,planar,none,triangles_marked/017_P0_marked.jpg,1024.0,768.0,470.0,131.0,785.0,597.0,289.0,299.0,562.4776,578.6363,246.9514,81.1906,24.9449,73.8645,isosceles,acute,2.2777,48.9195,2.3431,56.2456
triangles_original/017_P1.jpg,017,planar,apple,triangles_marked/017_P1_marked.jpg,1024.0,768.0,474.0,130.0,783.0,599.0,291.0,296.0,561.6422,577.8174,247.0729,81.1675,24.9942,73.8383,isosceles,acute,2.2732,48.8441,2.3387,56.1734
triangles_original/017_T0.jpg,017,tilted,none,triangles_marked/017_T0_marked.jpg,1024.0,768.0,754.0,340.0,121.0,160.0,722.0,192.0,658.095,601.8513,151.4199,61.9259,12.8258,105.2483,scalene,obtuse,4.3462,92.4225,4.3462,92.4225
triangles_original/017_T1.jpg,017,tilted,apple,triangles_marked/017_T1_marked.jpg,1024.0,768.0,760.0,343.0,124.0,153.0,730.0,195.0,663.7741,607.4537,151.0099,61.9081,12.6684,105.4234,scalene,obtuse,4.3956,92.755,4.3956,92.755
triangles_original/018_P0.jpg,018,planar,none,triangles_marked/018_P0_marked.jpg,1024.0,768.0,761.0,116.0,809.0,625.0,296.0,318.0,511.2583,597.8445,506.9803,71.9067,53.7148,54.3786,isosceles,acute,1.0084,0.6638,1.1792,18.1919
triangles_original/018_P1.jpg,018,planar,apple,triangles_marked/018_P1_marked.jpg,1024.0,768.0,757.0,108.0,810.0,620.0,295.0,316.0,514.7359,598.0309,506.6636,71.6719,53.5371,54.791,isosceles,acute,1.0159,1.254,1.1803,18.1348
triangles_original/018_T0.jpg,018,tilted,none,triangles_marked/018_T0_marked.jpg,1024.0,768.0,113.0,245.0,482.0,96.0,579.0,420.0,397.9472,338.2085,497.7761,42.5716,84.6782,52.7502,scalene,acute,0.7995,31.928,1.4718,42.1067
triangles_original/018_T1.jpg,018,tilted,apple,triangles_marked/018_T1_marked.jpg,1024.0,768.0,115.0,247.0,479.0,95.0,582.0,418.0,394.4617,339.0251,497.3228,42.7756,85.0222,52.2022,scalene,acute,0.7932,32.82,1.4669,42.2465
triangles_original/019_P0.jpg,019,planar,none,triangles_marked/019_P0_marked.jpg,1024.0,768.0,649.0,230.0,654.0,584.0,427.0,366.0,354.0353,314.7269,260.3459,59.317,45.3494,75.3335,scalene,acute,1.3599,29.9841,1.3599,29.9841
triangles_original/019_P1.jpg,019,planar,box,triangles_marked/019_P1_marked.jpg,1024.0,768.0,623.0,237.0,631.0,585.0,402.0,374.0,348.0919,311.3872,260.0192,59.5217,46.0257,74.4526,scalene,acute,1.3387,28.4269,1.3387,28.4269
triangles_original/019_T0.jpg,019,tilted,none,triangles_marked/019_T0_marked.jpg,1024.0,768.0,452.0,344.0,276.0,144.0,588.0,188.0,266.4132,315.0873,206.9589,82.4295,40.625,56.9455,scalene,acute,1.2873,16.3205,1.5225,41.8045
triangles_original/019_T1.jpg,019,tilted,box,triangles_marked/019_T1_marked.jpg,1024.0,768.0,455.0,347.0,279.0,149.0,589.0,192.0,264.9151,312.968,204.8927,82.4775,40.4694,57.0531,scalene,acute,1.2929,16.5838,1.5275,42.0081
triangles_original/020_P0.jpg,020,planar,none,triangles_marked/020_P0_marked.jpg,1024.0,768.0,212.0,355.0,338.0,191.0,501.0,499.0,206.8139,348.4724,322.8885,78.9509,65.4235,35.6256,scalene,acute,0.6405,29.7979,1.685,43.3253
triangles_original/020_P1.jpg,020,planar,box,triangles_marked/020_P1_marked.jpg,1024.0,768.0,190.0,357.0,318.0,190.0,488.0,501.0,210.4115,354.4305,330.9683,78.3219,66.131,35.5471,scalene,acute,0.6357,30.5839,1.6845,42.7748
triangles_original/020_T0.jpg,020,tilted,none,triangles_marked/020_T0_marked.jpg,1024.0,768.0,390.0,348.0,307.0,231.0,679.0,221.0,143.4503,372.1344,315.6739,101.629,56.1879,22.1831,scalene,obtuse,0.4544,34.0048,2.5942,79.446
triangles_original/020_T1.jpg,020,tilted,box,triangles_marked/020_T1_marked.jpg,1024.0,768.0,389.0,355.0,309.0,241.0,677.0,230.0,139.2695,368.1644,313.957,101.5972,56.6527,21.75,scalene,obtuse,0.4436,34.9027,2.6435,79.8472
triangles_original/021_P0.jpg,021,planar,none,triangles_marked/021_P0_marked.jpg,1024.0,768.0,801.0,346.0,302.0,172.0,652.0,527.0,528.4666,498.5228,234.4398,69.7622,26.1828,84.055,scalene,acute,2.2542,57.8722,2.2542,57.8722
triangles_original/021_P1.jpg,021,planar,box,triangles_marked/021_P1_marked.jpg,1024.0,768.0,815.0,340.0,313.0,170.0,668.0,526.0,530.0038,502.7534,237.0759,70.3883,26.3721,83.2395,scalene,acute,2.2356,56.8674,2.2356,56.8674
triangles_original/021_T0.jpg,021,tilted,none,triangles_marked/021_T0_marked.jpg,1024.0,768.0,298.0,158.0,462.0,546.0,496.0,177.0,421.2363,370.5631,198.9095,61.6059,28.1772,90.2169,scalene,right,2.1177,62.0396,2.1177,62.0396
triangles_original/021_T1.jpg,021,tilted,box,triangles_marked/021_T1_marked.jpg,1024.0,768.0,307.0,170.0,464.0,552.0,502.0,192.0,413.0048,362.0,196.2371,61.2207,28.368,90.4113,scalene,right,2.1046,62.0434,2.1046,62.0434
triangles_original/022_P0.jpg,022,planar,none,triangles_marked/022_P0_marked.jpg,1024.0,768.0,206.0,374.0,565.0,586.0,440.0,154.0,416.9233,449.721,321.1791,73.7968,43.299,62.9042,scalene,acute,1.2981,19.6052,1.4002,30.4978
triangles_original/022_P1.jpg,022,planar,stool,triangles_marked/022_P1_marked.jpg,1024.0,768.0,191.0,380.0,553.0,596.0,431.0,159.0,421.5448,453.7103,326.253,73.4638,43.5776,62.9586,scalene,acute,1.2921,19.3809,1.3907,29.8862
triangles_original/022_T0.jpg,022,tilted,none,triangles_marked/022_T0_marked.jpg,1024.0,768.0,428.0,244.0,714.0,541.0,662.0,163.0,412.3166,381.56,247.6227,65.1744,36.0863,78.7393,scalene,acute,1.6651,42.653,1.6651,42.653
triangles_original/022_T1.jpg,022,tilted,stool,triangles_marked/022_T1_marked.jpg,1024.0,768.0,424.0,262.0,714.0,551.0,655.0,181.0,409.4154,374.6745,244.7897,64.2242,36.0389,79.7369,scalene,acute,1.6725,43.698,1.6725,43.698
triangles_original/023_P0.jpg,023,planar,none,triangles_marked/023_P0_marked.jpg,1024.0,768.0,558.0,351.0,708.0,334.0,606.0,622.0,150.9603,305.529,275.2181,86.4218,64.0316,29.5466,scalene,acute,0.5485,34.485,2.0239,56.8752
triangles_original/023_P1.jpg,023,planar,stool,triangles_marked/023_P1_marked.jpg,1024.0,768.0,561.0,354.0,709.0,341.0,602.0,625.0,148.5698,303.4881,274.0839,86.4167,64.3357,29.2476,scalene,acute,0.5421,35.0882,2.0427,57.1692
triangles_original/023_T0.jpg,023,tilted,none,triangles_marked/023_T0_marked.jpg,1024.0,768.0,486.0,289.0,371.0,341.0,324.0,121.0,126.2101,224.9644,233.3838,70.3729,77.7279,31.8992,scalene,acute,0.5408,45.8287,1.8492,45.8287
triangles_original/023_T1.jpg,023,tilted,stool,triangles_marked/023_T1_marked.jpg,1024.0,768.0,487.0,293.0,373.0,341.0,326.0,121.0,123.6932,224.9644,235.595,69.7256,79.2255,31.0489,scalene,acute,0.525,48.1767,1.9047,48.1767
triangles_original/024_P0.jpg,024,planar,none,triangles_marked/024_P0_marked.jpg,768.0,1024.0,283.0,739.0,180.0,216.0,632.0,438.0,533.046,503.5752,460.8709,60.3647,52.7007,66.9346,scalene,acute,1.1566,14.2339,1.1566,14.2339
triangles_original/024_P1.jpg,024,planar,stool,triangles_marked/024_P1_marked.jpg,768.0,1024.0,258.0,756.0,163.0,228.0,615.0,452.0,536.4783,504.4601,468.8976,59.784,53.4384,66.7776,scalene,acute,1.1441,13.3393,1.1441,13.3393
triangles_original/024_T0.jpg,024,tilted,none,triangles_marked/024_T0_marked.jpg,1024.0,768.0,538.0,510.0,168.0,215.0,603.0,186.0,473.2071,435.9656,330.4557,62.7787,42.3793,74.842,scalene,acute,1.432,32.4627,1.432,32.4627
triangles_original/024_T1.jpg,024,tilted,stool,triangles_marked/024_T1_marked.jpg,1024.0,768.0,537.0,502.0,164.0,208.0,601.0,176.0,474.9368,438.1701,332.2228,62.8617,42.4334,74.7049,scalene,acute,1.4296,32.2715,1.4296,32.2715
triangles_original/025_P0.jpg,025,planar,none,triangles_marked/025_P0_marked.jpg,768.0,1024.0,279.0,765.0,386.0,395.0,578.0,552.0,385.161,248.0181,367.1103,38.4056,66.8561,74.7383,scalene,acute,1.0492,7.8821,1.553,36.3327
triangles_original/025_P1.jpg,025,planar,laptop,triangles_marked/025_P1_marked.jpg,768.0,1024.0,263.0,775.0,381.0,401.0,574.0,561.0,392.1734,250.697,377.5142,37.9571,67.8516,74.1912,scalene,acute,1.0388,6.3396,1.5643,36.2341
triangles_original/025_T0.jpg,025,tilted,none,triangles_marked/025_T0_marked.jpg,1024.0,768.0,418.0,90.0,559.0,309.0,267.0,283.0,260.465,293.1552,245.051,70.8139,52.1369,57.0492,scalene,acute,1.0629,4.9124,1.1963,18.6771
triangles_original/025_T1.jpg,025,tilted,laptop,triangles_marked/025_T1_marked.jpg,1024.0,768.0,429.0,108.0,569.0,323.0,279.0,292.0,256.5638,291.6522,237.3942,72.2582,50.8278,56.914,scalene,acute,1.0808,6.0863,1.2286,21.4304
triangles_original/026_P0.jpg,026,planar,none,triangles_marked/026_P0_marked.jpg,768.0,1024.0,277.0,755.0,178.0,242.0,578.0,536.0,522.4653,496.4232,372.2392,64.8841,42.7613,72.3546,scalene,acute,1.4036,29.5933,1.4036,29.5933
triangles_original/026_P1.jpg,026,planar,laptop,triangles_marked/026_P1_marked.jpg,768.0,1024.0,270.0,749.0,191.0,225.0,585.0,534.0,529.9217,500.7165,381.3791,64.2584,43.3207,72.4209,scalene,acute,1.3895,29.1002,1.3895,29.1002
triangles_original/026_T0.jpg,026,tilted,none,triangles_marked/026_T0_marked.jpg,1024.0,768.0,732.0,231.0,416.0,564.0,399.0,153.0,459.0697,411.3514,342.0132,59.6834,45.8681,74.4485,scalene,acute,1.3423,28.5804,1.3423,28.5804
triangles_original/026_T1.jpg,026,tilted,laptop,triangles_marked/026_T1_marked.jpg,1024.0,768.0,737.0,239.0,420.0,566.0,406.0,156.0,455.4317,410.239,341.2477,59.9666,46.0661,73.9674,scalene,acute,1.3346,27.9013,1.3346,27.9013
triangles_original/027_P0.jpg,027,planar,none,triangles_marked/027_P0_marked.jpg,768.0,1024.0,296.0,476.0,186.0,665.0,374.0,695.0,218.6801,190.3786,232.4758,49.8039,68.8666,61.3294,scalene,acute,0.9407,7.5372,1.2211,19.0627
triangles_original/027_P1.jpg,027,planar,laptop,triangles_marked/027_P1_marked.jpg,768.0,1024.0,289.0,466.0,173.0,658.0,360.0,690.0,224.3212,189.7182,234.983,48.7257,68.5716,62.7027,scalene,acute,0.9546,5.8689,1.2386,19.8459
triangles_original/027_T0.jpg,027,tilted,none,triangles_marked/027_T0_marked.jpg,1024.0,768.0,584.0,295.0,605.0,174.0,431.0,176.0,122.8088,174.0115,193.8298,61.9708,79.4956,38.5335,scalene,acute,0.6336,40.9621,1.5783,40.9621
triangles_original/027_T1.jpg,027,tilted,laptop,triangles_marked/027_T1_marked.jpg,1024.0,768.0,589.0,295.0,610.0,174.0,435.0,172.0,122.8088,175.0114,197.0913,61.2314,80.809,37.9596,scalene,acute,0.6231,42.8493,1.6049,42.8493
triangles_original/028_P0.jpg,028,planar,none,triangles_marked/028_P0_marked.jpg,768.0,1024.0,340.0,186.0,157.0,616.0,353.0,652.0,467.3211,199.2787,466.1813,24.6517,77.354,77.9943,isosceles,acute,1.0024,0.6403,2.3451,53.3427
triangles_original/028_P1.jpg,028,planar,pillow,triangles_marked/028_P1_marked.jpg,768.0,1024.0,342.0,187.0,152.0,619.0,352.0,655.0,471.9364,203.2142,468.1068,24.9647,76.4634,78.5719,isosceles,acute,1.0082,2.1086,2.3224,53.6073
triangles_original/028_T0.jpg,028,tilted,none,triangles_marked/028_T0_marked.jpg,1024.0,768.0,325.0,398.0,763.0,311.0,638.0,198.0,446.5568,168.5052,371.4418,21.3432,53.348,105.3088,scalene,obtuse,1.2022,51.9607,2.6501,83.9655
triangles_original/028_T1.jpg,028,tilted,pillow,triangles_marked/028_T1_marked.jpg,1024.0,768.0,338.0,395.0,771.0,309.0,645.0,199.0,441.4578,167.2603,364.2321,21.3221,52.355,106.3229,scalene,obtuse,1.212,53.9678,2.6393,85.0008
triangles_original/029_P0.jpg,029,planar,none,triangles_marked/029_P0_marked.jpg,1024.0,768.0,815.0,329.0,406.0,178.0,517.0,593.0,435.9839,429.5882,398.1206,61.8017,54.7618,63.4364,isosceles,acute,1.0951,8.6746,1.0951,8.6746
triangles_original/029_P1.jpg,029,planar,pillow,triangles_marked/029_P1_marked.jpg,1024.0,768.0,824.0,315.0,404.0,168.0,524.0,587.0,444.982,435.8452,404.9494,61.4876,54.7284,63.784,isosceles,acute,1.0989,9.0555,1.0989,9.0555
triangles_original/029_T0.jpg,029,tilted,none,triangles_marked/029_T0_marked.jpg,1024.0,768.0,708.0,459.0,605.0,124.0,242.0,276.0,350.4768,393.5391,500.6446,51.4692,84.3701,44.1608,scalene,acute,0.7001,40.2093,1.4285,40.2093
triangles_original/029_T1.jpg,029,tilted,pillow,triangles_marked/029_T1_marked.jpg,1024.0,768.0,709.0,458.0,610.0,124.0,246.0,272.0,348.3633,392.9377,498.9639,51.6031,84.3839,44.013,scalene,acute,0.6982,40.3708,1.4323,40.3708
triangles_original/030_P0.jpg,030,planar,none,triangles_marked/030_P0_marked.jpg,1024.0,768.0,729.0,462.0,544.0,343.0,504.0,607.0,219.9682,267.0131,267.6752,65.5504,65.8648,48.5848,isosceles,acute,0.8218,17.28,1.2169,17.28
triangles_original/030_P1.jpg,030,planar,pillow,triangles_marked/030_P1_marked.jpg,1024.0,768.0,689.0,450.0,509.0,331.0,465.0,593.0,215.78,265.669,265.7536,66.023,66.0641,47.9129,isosceles,acute,0.812,18.1512,1.2316,18.1512
triangles_original/030_T0.jpg,030,tilted,none,triangles_marked/030_T0_marked.jpg,1024.0,768.0,421.0,147.0,455.0,280.0,662.0,190.0,137.2771,225.7189,244.806,65.5436,80.8414,33.615,scalene,acute,0.5608,47.2264,1.7833,47.2264
triangles_original/030_T1.jpg,030,tilted,pillow,triangles_marked/030_T1_marked.jpg,1024.0,768.0,433.0,148.0,464.0,276.0,669.0,194.0,131.7004,220.7918,240.4413,65.3563,81.8128,32.8309,scalene,acute,0.5477,48.9818,1.8257,48.9818
triangles_original/031_P0.jpg,031,planar,none,triangles_marked/031_P0_marked.jpg,768.0,1024.0,195.0,432.0,192.0,536.0,496.0,258.0,104.0433,411.9466,347.6737,121.6834,45.9056,12.411,scalene,obtuse,0.2993,33.4946,3.9594,109.2723
triangles_original/031_P1.jpg,031,planar,rubiks cube,triangles_marked/031_P1_marked.jpg,768.0,1024.0,182.0,429.0,176.0,533.0,482.0,257.0,104.1729,412.0825,345.8092,123.129,44.6489,12.2221,scalene,obtuse,0.3012,32.4268,3.9558,110.9068
triangles_original/031_T0.jpg,031,tilted,none,triangles_marked/031_T0_marked.jpg,1024.0,768.0,627.0,307.0,591.0,274.0,409.0,382.0,48.8365,211.6318,230.5407,61.4955,106.8044,11.7001,scalene,obtuse,0.2118,95.1043,4.7207,95.1043
triangles_original/031_T1.jpg,031,tilted,rubiks cube,triangles_marked/031_T1_marked.jpg,1024.0,768.0,625.0,301.0,587.0,265.0,407.0,380.0,52.345,213.6001,231.8728,63.3716,103.9741,12.6543,scalene,obtuse,0.2257,91.3198,4.4297,91.3198
triangles_original/032_P0.jpg,032,planar,none,triangles_marked/032_P0_marked.jpg,1024.0,768.0,366.0,171.0,303.0,348.0,742.0,109.0,187.8776,499.842,381.0774,118.9557,41.843,19.2013,scalene,obtuse,0.493,22.6417,2.6605,99.7545
triangles_original/032_P1.jpg,032,planar,rubiks cube,triangles_marked/032_P1_marked.jpg,1024.0,768.0,360.0,166.0,299.0,345.0,740.0,100.0,189.1084,504.4859,385.689,118.6713,42.1272,19.2015,scalene,obtuse,0.4903,22.9257,2.6677,99.4697
triangles_original/032_T0.jpg,032,tilted,none,triangles_marked/032_T0_marked.jpg,1024.0,768.0,522.0,199.0,361.0,185.0,838.0,328.0,161.6075,497.9739,341.3166,162.7631,11.7185,5.5184,scalene,obtuse,0.4735,6.2001,3.0814,157.2447
triangles_original/032_T1.jpg,032,tilted,rubiks cube,triangles_marked/032_T1_marked.jpg,1024.0,768.0,505.0,215.0,344.0,203.0,818.0,339.0,161.4466,493.1247,336.6675,162.6508,11.7466,5.6026,scalene,obtuse,0.4795,6.1441,3.0544,157.0483
triangles_original/033_P0.jpg,033,planar,none,triangles_marked/033_P0_marked.jpg,768.0,1024.0,275.0,287.0,118.0,453.0,658.0,276.0,228.4841,568.2684,383.1579,135.0491,28.4481,16.5029,scalene,obtuse,0.5963,11.9452,2.4871,118.5462
triangles_original/033_P1.jpg,033,planar,rubiks cube,triangles_marked/033_P1_marked.jpg,768.0,1024.0,277.0,308.0,117.0,473.0,660.0,295.0,229.8369,571.4307,383.2206,136.0626,27.7318,16.2056,scalene,obtuse,0.5998,11.5263,2.4862,119.8571
triangles_original/033_T0.jpg,033,tilted,none,triangles_marked/033_T0_marked.jpg,1024.0,768.0,511.0,423.0,803.0,398.0,182.0,266.0,293.0683,634.874,364.5408,149.5958,16.8937,13.5104,scalene,obtuse,0.8039,3.3833,2.1663,136.0854
triangles_original/033_T1.jpg,033,tilted,rubiks cube,triangles_marked/033_T1_marked.jpg,1024.0,768.0,505.0,426.0,798.0,397.0,174.0,271.0,294.4317,636.5941,365.4942,149.2548,17.0683,13.6768,scalene,obtuse,0.8056,3.3915,2.1621,135.578
triangles_original/034_P0.jpg,034,planar,none,triangles_marked/034_P0_marked.jpg,768.0,1024.0,183.0,522.0,656.0,230.0,183.0,730.0,555.8714,688.2797,208.0,121.6885,14.901,43.4105,scalene,obtuse,2.6725,28.5095,3.309,106.7876
triangles_original/034_P1.jpg,034,planar,glass,triangles_marked/034_P1_marked.jpg,768.0,1024.0,182.0,518.0,655.0,228.0,180.0,723.0,554.8234,686.0394,205.0098,122.0718,14.6684,43.2598,scalene,obtuse,2.7063,28.5914,3.3464,107.4034
triangles_original/034_T0.jpg,034,tilted,none,triangles_marked/034_T0_marked.jpg,1024.0,768.0,300.0,398.0,511.0,76.0,427.0,569.0,384.974,500.105,213.0023,110.1631,23.5665,46.2704,scalene,obtuse,1.8074,22.7039,2.3479,86.5966
triangles_original/034_T1.jpg,034,tilted,glass,triangles_marked/034_T1_marked.jpg,1024.0,768.0,312.0,397.0,524.0,81.0,437.0,570.0,380.526,496.679,213.4338,110.2931,23.7689,45.9379,scalene,obtuse,1.7829,22.169,2.3271,86.5242
triangles_original/035_P0.jpg,035,planar,none,triangles_marked/035_P0_marked.jpg,1024.0,768.0,714.0,499.0,289.0,138.0,796.0,510.0,557.6253,628.8346,82.7345,147.2954,4.0764,28.6281,scalene,obtuse,6.7399,24.5517,7.6006,143.219
triangles_original/035_P1.jpg,035,planar,glass,triangles_marked/035_P1_marked.jpg,1024.0,768.0,714.0,495.0,287.0,129.0,795.0,503.0,562.3922,630.8249,81.3941,145.0393,4.24,30.7207,scalene,obtuse,6.9095,26.4807,7.7503,140.7992
triangles_original/035_T0.jpg,035,tilted,none,triangles_marked/035_T0_marked.jpg,1024.0,768.0,470.0,148.0,312.0,601.0,443.0,108.0,479.7635,510.1078,48.2597,126.7526,4.3473,48.9001,scalene,obtuse,9.9413,44.5528,10.5701,122.4053
triangles_original/035_T1.jpg,035,tilted,glass,triangles_marked/035_T1_marked.jpg,1024.0,768.0,461.0,142.0,305.0,604.0,433.0,102.0,487.6269,518.0618,48.8262,126.3501,4.3534,49.2965,scalene,obtuse,9.987,44.9431,10.6103,121.9967
triangles_original/036_P0.jpg,036,planar,none,triangles_marked/036_P0_marked.jpg,768.0,1024.0,343.0,429.0,658.0,262.0,331.0,700.0,356.5305,546.6013,271.2656,120.4661,25.3252,34.2087,scalene,obtuse,1.3143,8.8835,2.015,95.1409
triangles_original/036_P1.jpg,036,planar,glass,triangles_marked/036_P1_marked.jpg,768.0,1024.0,338.0,439.0,656.0,275.0,326.0,720.0,357.7988,554.0081,281.2561,119.7265,26.1592,34.1143,scalene,obtuse,1.2721,7.9552,1.9698,93.5674
triangles_original/036_T0.jpg,036,tilted,none,triangles_marked/036_T0_marked.jpg,1024.0,768.0,521.0,350.0,212.0,154.0,661.0,264.0,365.9194,462.2781,164.3046,116.0511,18.6214,45.3275,scalene,obtuse,2.2271,26.7061,2.8135,97.4296
triangles_original/036_T1.jpg,036,tilted,glass,triangles_marked/036_T1_marked.jpg,1024.0,768.0,528.0,363.0,222.0,180.0,663.0,273.0,356.5459,450.6995,162.2498,115.4289,18.9728,45.5984,scalene,obtuse,2.1975,26.6256,2.7778,96.4561
triangles_original/037_P0.jpg,037,planar,none,triangles_marked/037_P0_marked.jpg,768.0,1024.0,349.0,391.0,650.0,281.0,324.0,730.0,320.47,554.8667,339.9206,114.2925,33.9434,31.7641,scalene,obtuse,0.9428,2.1793,1.7314,82.5284
triangles_original/037_P1.jpg,037,planar,iron,triangles_marked/037_P1_marked.jpg,768.0,1024.0,356.0,393.0,659.0,286.0,331.0,734.0,321.3378,555.2369,341.9152,113.643,34.3406,32.0164,scalene,obtuse,0.9398,2.3242,1.7279,81.6266
triangles_original/037_T0.jpg,037,tilted,none,triangles_marked/037_T0_marked.jpg,1024.0,768.0,396.0,226.0,509.0,82.0,641.0,407.0,183.0437,350.7834,304.6079,88.334,60.2268,31.4392,scalene,right,0.6009,28.7876,1.9164,56.8948
triangles_original/037_T1.jpg,037,tilted,iron,triangles_marked/037_T1_marked.jpg,1024.0,768.0,388.0,228.0,503.0,83.0,634.0,410.0,185.0676,352.2641,306.0065,88.0774,60.2497,31.673,scalene,right,0.6048,28.5767,1.9034,56.4044
triangles_original/038_P0.jpg,038,planar,none,triangles_marked/038_P0_marked.jpg,768.0,1024.0,403.0,633.0,555.0,686.0,242.0,325.0,160.9752,477.797,347.5414,136.8202,29.8507,13.3292,scalene,obtuse,0.4632,16.5215,2.9681,123.491
triangles_original/038_P1.jpg,038,planar,iron,triangles_marked/038_P1_marked.jpg,768.0,1024.0,407.0,630.0,564.0,685.0,238.0,317.0,166.355,491.6299,355.7106,137.6725,29.1569,13.1705,scalene,obtuse,0.4677,15.9864,2.9553,124.502
triangles_original/038_T0.jpg,038,tilted,none,triangles_marked/038_T0_marked.jpg,1024.0,768.0,537.0,238.0,441.0,192.0,583.0,446.0,106.4519,290.9983,213.0258,128.0726,35.1902,16.7371,scalene,obtuse,0.4997,18.4531,2.7336,111.3355
triangles_original/038_T1.jpg,038,tilted,iron,triangles_marked/038_T1_marked.jpg,1024.0,768.0,533.0,242.0,436.0,197.0,576.0,448.0,106.9299,287.4039,210.44,126.6779,35.9612,17.3609,scalene,obtuse,0.5081,18.6002,2.6878,109.317
triangles_original/039_P0.jpg,039,planar,none,triangles_marked/039_P0_marked.jpg,1024.0,768.0,400.0,283.0,263.0,421.0,690.0,191.0,194.4557,485.0041,304.2433,152.3928,16.8996,10.7076,scalene,obtuse,0.6391,6.192,2.4942,141.6853
triangles_original/039_P1.jpg,039,planar,iron,triangles_marked/039_P1_marked.jpg,1024.0,768.0,403.0,287.0,263.0,422.0,693.0,196.0,194.4865,485.7736,303.9424,153.4631,16.2328,10.3041,scalene,obtuse,0.6399,5.9287,2.4977,143.159
triangles_original/039_T0.jpg,039,tilted,none,triangles_marked/039_T0_marked.jpg,1024.0,768.0,481.0,182.0,313.0,168.0,739.0,289.0,168.5823,442.851,279.3081,162.2385,11.0929,6.6686,scalene,obtuse,0.6036,4.4242,2.6269,155.5698
triangles_original/039_T1.jpg,039,tilted,iron,triangles_marked/039_T1_marked.jpg,1024.0,768.0,487.0,168.0,318.0,150.0,743.0,277.0,169.9559,443.5696,278.2391,163.0162,10.5578,6.426,scalene,obtuse,0.6108,4.1318,2.6099,156.5902
triangles_original/040_P0.jpg,040,planar,none,triangles_marked/040_P0_marked.jpg,768.0,1024.0,241.0,618.0,328.0,769.0,371.0,273.0,174.2699,497.8604,368.6801,129.4042,34.9036,15.6922,scalene,obtuse,0.4727,19.2114,2.8568,113.712
triangles_original/040_P1.jpg,040,planar,book,triangles_marked/040_P1_marked.jpg,768.0,1024.0,233.0,631.0,319.0,786.0,364.0,289.0,177.2597,499.0331,366.2308,130.0179,34.1968,15.7852,scalene,obtuse,0.484,18.4116,2.8153,114.2327
triangles_original/040_T0.jpg,040,tilted,none,triangles_marked/040_T0_marked.jpg,1024.0,768.0,422.0,371.0,626.0,430.0,322.0,136.0,212.3605,422.909,255.3919,129.182,27.9113,22.9067,scalene,obtuse,0.8315,5.0045,1.9915,106.2753
triangles_original/040_T1.jpg,040,tilted,book,triangles_marked/040_T1_marked.jpg,1024.0,768.0,419.0,370.0,625.0,428.0,317.0,133.0,214.0093,426.4845,258.0174,129.0108,28.0402,22.949,scalene,obtuse,0.8294,5.0912,1.9928,106.0618
triangles_original/041_P0.jpg,041,planar,none,triangles_marked/041_P0_marked.jpg,1024.0,768.0,768.0,134.0,254.0,659.0,766.0,223.0,734.7251,672.4879,89.0225,43.1061,5.1901,131.7038,scalene,obtuse,8.2533,126.5137,8.2533,126.5137
triangles_original/041_P1.jpg,041,planar,book,triangles_marked/041_P1_marked.jpg,1024.0,768.0,773.0,128.0,265.0,654.0,772.0,217.0,731.2592,669.3415,89.0056,43.3589,5.2382,131.4029,scalene,obtuse,8.2159,126.1647,8.2159,126.1647
triangles_original/041_T0.jpg,041,tilted,none,triangles_marked/041_T0_marked.jpg,1024.0,768.0,191.0,244.0,879.0,409.0,267.0,238.0,707.509,635.4408,76.2365,18.0003,2.1247,159.875,scalene,obtuse,9.2805,157.7503,9.2805,157.7503
triangles_original/041_T1.jpg,041,tilted,book,triangles_marked/041_T1_marked.jpg,1024.0,768.0,181.0,232.0,873.0,394.0,259.0,225.0,710.7095,636.8336,78.3135,18.3041,2.2134,159.4825,scalene,obtuse,9.0752,157.2692,9.0752,157.2692
triangles_original/042_P0.jpg,042,planar,none,triangles_marked/042_P0_marked.jpg,768.0,1024.0,627.0,728.0,122.0,217.0,598.0,727.0,718.433,697.6217,29.0172,43.3634,1.6366,135.0,isosceles,obtuse,24.7588,133.3634,24.7588,133.3634
triangles_original/042_P1.jpg,042,planar,book,triangles_marked/042_P1_marked.jpg,768.0,1024.0,619.0,717.0,105.0,204.0,590.0,716.0,726.199,705.2439,29.0172,42.9693,1.6071,135.4237,isosceles,obtuse,25.0265,133.8166,25.0265,133.8166
triangles_original/042_T0.jpg,042,tilted,none,triangles_marked/042_T0_marked.jpg,1024.0,768.0,519.0,82.0,428.0,628.0,532.0,94.0,553.5314,544.0331,17.6918,56.7529,1.5584,121.6886,isosceles,obtuse,31.2874,120.1302,31.2874,120.1302
triangles_original/042_T1.jpg,042,tilted,book,triangles_marked/042_T1_marked.jpg,1024.0,768.0,511.0,72.0,418.0,625.0,523.0,85.0,560.7655,550.1136,17.6918,52.2557,1.4572,126.2871,isosceles,obtuse,31.6963,124.8298,31.6963,124.8298
triangles_original/043_P0.jpg,043,planar,none,triangles_marked/043_P0_marked.jpg,1024.0,768.0,719.0,121.0,188.0,633.0,685.0,477.0,737.6347,520.9079,357.6199,40.5881,26.5302,112.8817,scalene,obtuse,2.0626,86.3515,2.0626,86.3515
triangles_original/043_P1.jpg,043,planar,kettle,triangles_marked/043_P1_marked.jpg,1024.0,768.0,711.0,127.0,175.0,630.0,673.0,482.0,735.0544,519.5267,357.028,40.7094,26.6295,112.6612,scalene,obtuse,2.0588,86.0317,2.0588,86.0317
triangles_original/043_T0.jpg,043,tilted,none,triangles_marked/043_T0_marked.jpg,1024.0,768.0,165.0,225.0,810.0,387.0,447.0,177.0,665.0331,419.3674,286.0559,23.7588,15.951,140.2902,scalene,obtuse,2.3248,124.3392,2.3248,124.3392
triangles_original/043_T1.jpg,043,tilted,kettle,triangles_marked/043_T1_marked.jpg,1024.0,768.0,173.0,209.0,821.0,372.0,457.0,161.0,668.1864,420.7339,288.0278,23.7126,15.9802,140.3073,scalene,obtuse,2.3199,124.3271,2.3199,124.3271
triangles_original/044_P0.jpg,044,planar,none,triangles_marked/044_P0_marked.jpg,1024.0,768.0,702.0,120.0,492.0,586.0,657.0,468.0,511.1321,202.8522,350.8974,16.8904,30.1711,132.9386,scalene,obtuse,1.4566,102.7675,2.5197,116.0482
triangles_original/044_P1.jpg,044,planar,kettle,triangles_marked/044_P1_marked.jpg,1024.0,768.0,708.0,116.0,505.0,591.0,669.0,466.0,516.5598,206.2062,352.1662,16.7822,29.5452,133.6726,scalene,obtuse,1.4668,104.1274,2.5051,116.8905
triangles_original/044_T0.jpg,044,tilted,none,triangles_marked/044_T0_marked.jpg,1024.0,768.0,182.0,208.0,664.0,175.0,484.0,128.0,483.1283,186.0349,312.4164,10.9203,18.5505,150.5293,scalene,obtuse,1.5464,131.9788,2.597,139.609
triangles_original/044_T1.jpg,044,tilted,kettle,triangles_marked/044_T1_marked.jpg,1024.0,768.0,169.0,214.0,650.0,174.0,470.0,130.0,482.6603,185.2998,312.5012,10.839,18.4901,150.6709,scalene,obtuse,1.5445,132.1809,2.6048,139.8319
triangles_original/045_P0.jpg,045,planar,none,triangles_marked/045_P0_marked.jpg,768.0,1024.0,534.0,656.0,251.0,241.0,258.0,610.0,502.3087,369.0664,279.8071,46.2465,33.2044,100.5491,scalene,obtuse,1.7952,67.3447,1.7952,67.3447
triangles_original/045_P1.jpg,045,planar,kettle,triangles_marked/045_P1_marked.jpg,768.0,1024.0,537.0,657.0,252.0,240.0,263.0,613.0,505.0881,373.1622,277.5104,46.5263,32.6616,100.8121,scalene,obtuse,1.8201,68.1505,1.8201,68.1505
triangles_original/045_T0.jpg,045,tilted,none,triangles_marked/045_T0_marked.jpg,1024.0,768.0,780.0,248.0,279.0,279.0,632.0,420.0,501.9582,380.1184,226.9097,45.7484,25.3142,108.9374,scalene,obtuse,2.2121,83.6233,2.2121,83.6233
triangles_original/045_T1.jpg,045,tilted,kettle,triangles_marked/045_T1_marked.jpg,1024.0,768.0,771.0,257.0,272.0,290.0,625.0,427.0,500.09,378.6529,224.0893,45.5596,24.9949,109.4454,scalene,obtuse,2.2317,84.4505,2.2317,84.4505
triangles_original/046_P0.jpg,046,planar,none,triangles_marked/046_P0_marked.jpg,768.0,1024.0,173.0,604.0,445.0,248.0,583.0,224.0,448.0179,140.0714,559.017,9.7933,137.2473,32.9594,scalene,obtuse,0.8014,104.2878,3.9909,127.454
triangles_original/046_P1.jpg,046,planar,apple,triangles_marked/046_P1_marked.jpg,768.0,1024.0,162.0,646.0,433.0,281.0,570.0,257.0,454.6053,139.0863,563.7242,9.773,136.529,33.698,scalene,obtuse,0.8064,102.831,4.0531,126.756
triangles_original/046_T0.jpg,046,tilted,none,triangles_marked/046_T0_marked.jpg,1024.0,768.0,604.0,128.0,615.0,460.0,496.0,549.0,332.1822,148.6001,434.632,16.2856,124.8951,38.8193,scalene,obtuse,0.7643,86.0759,2.9248,108.6095
triangles_original/046_T1.jpg,046,tilted,apple,triangles_marked/046_T1_marked.jpg,1024.0,768.0,625.0,121.0,627.0,455.0,507.0,537.0,334.006,145.341,432.4118,16.1793,124.003,39.8177,scalene,obtuse,0.7724,84.1853,2.9752,107.8237
triangles_original/047_P0.jpg,047,planar,none,triangles_marked/047_P0_marked.jpg,1024.0,768.0,434.0,281.0,672.0,364.0,831.0,582.0,252.0575,269.824,498.2068,17.9432,145.3311,16.7257,scalene,obtuse,0.5059,128.6055,1.9766,128.6055
triangles_original/047_P1.jpg,047,planar,apple,triangles_marked/047_P1_marked.jpg,1024.0,768.0,440.0,279.0,677.0,363.0,841.0,584.0,251.4458,275.2036,503.8115,17.7407,146.0943,16.165,scalene,obtuse,0.4991,129.9293,2.0037,129.9293
triangles_original/047_T0.jpg,047,tilted,none,triangles_marked/047_T0_marked.jpg,1024.0,768.0,506.0,196.0,508.0,339.0,307.0,511.0,143.014,264.5468,372.5936,33.0838,129.753,17.1632,scalene,obtuse,0.3838,112.5898,2.6053,112.5898
triangles_original/047_T1.jpg,047,tilted,apple,triangles_marked/047_T1_marked.jpg,1024.0,768.0,521.0,202.0,520.0,350.0,315.0,527.0,148.0034,270.8394,384.787,31.9813,131.1949,16.8238,scalene,obtuse,0.3846,114.3711,2.5999,114.3711
triangles_original/048_P0.jpg,048,planar,none,triangles_marked/048_P0_marked.jpg,1024.0,768.0,667.0,356.0,432.0,266.0,823.0,580.0,251.6446,501.4748,272.9689,145.8102,17.8111,16.3787,scalene,obtuse,0.9219,1.4324,1.9928,129.4316
triangles_original/048_P1.jpg,048,planar,apple,triangles_marked/048_P1_marked.jpg,1024.0,768.0,671.0,354.0,434.0,266.0,829.0,578.0,252.8102,503.3577,274.1168,145.5679,17.9339,16.4982,scalene,obtuse,0.9223,1.4357,1.991,129.0696
triangles_original/048_T0.jpg,048,tilted,none,triangles_marked/048_T0_marked.jpg,1024.0,768.0,520.0,350.0,528.0,287.0,260.0,426.0,63.5059,301.9023,270.88,113.531,55.3493,11.1198,scalene,obtuse,0.2344,44.2295,4.7539,102.4112
triangles_original/048_T1.jpg,048,tilted,apple,triangles_marked/048_T1_marked.jpg,1024.0,768.0,517.0,387.0,525.0,322.0,258.0,466.0,65.4905,303.3562,270.7804,113.9792,54.6444,11.3764,scalene,obtuse,0.2419,43.268,4.6321,102.6028
triangles_original/049_P0.jpg,049,planar,none,triangles_marked/049_P0_marked.jpg,768.0,1024.0,595.0,215.0,283.0,598.0,375.0,363.0,493.997,252.3668,265.149,16.9032,17.7872,145.3096,scalene,obtuse,1.8631,127.5224,1.9575,128.4064
triangles_original/049_P1.jpg,049,planar,box,triangles_marked/049_P1_marked.jpg,768.0,1024.0,588.0,202.0,275.0,587.0,369.0,352.0,496.1794,253.1027,265.4449,16.4809,17.3093,146.2099,scalene,obtuse,1.8692,128.9006,1.9604,129.729
triangles_original/049_T0.jpg,049,tilted,none,triangles_marked/049_T0_marked.jpg,1024.0,768.0,378.0,572.0,526.0,160.0,552.0,350.0,437.7762,191.7707,282.0638,18.3293,27.5515,134.1191,scalene,obtuse,1.552,106.5676,2.2828,115.7898
triangles_original/049_T1.jpg,049,tilted,box,triangles_marked/049_T1_marked.jpg,1024.0,768.0,361.0,570.0,515.0,148.0,541.0,345.0,449.2215,198.7083,288.1406,18.6113,27.5669,133.8218,scalene,obtuse,1.559,106.2549,2.2607,115.2104
triangles_original/050_P0.jpg,050,planar,none,triangles_marked/050_P0_marked.jpg,768.0,1024.0,178.0,649.0,526.0,549.0,286.0,540.0,362.0829,240.1687,153.4438,29.2317,18.1799,132.5884,scalene,obtuse,2.3597,114.4085,2.3597,114.4085
triangles_original/050_P1.jpg,050,planar,box,triangles_marked/050_P1_marked.jpg,768.0,1024.0,168.0,646.0,517.0,543.0,277.0,537.0,363.8818,240.075,154.1493,28.5571,17.875,133.5679,scalene,obtuse,2.3606,115.693,2.3606,115.693
triangles_original/050_T0.jpg,050,tilted,none,triangles_marked/050_T0_marked.jpg,1024.0,768.0,749.0,400.0,511.0,175.0,618.0,342.0,327.5195,198.3381,143.2655,19.5104,13.9599,146.5297,scalene,obtuse,2.2861,132.5698,2.2861,132.5698
triangles_original/050_T1.jpg,050,tilted,box,triangles_marked/050_T1_marked.jpg,1024.0,768.0,754.0,392.0,511.0,161.0,619.0,332.0,335.276,202.2498,147.7329,19.5873,14.1746,146.2381,scalene,obtuse,2.2695,132.0636,2.2695,132.0636
triangles_original/051_P0.jpg,051,planar,none,triangles_marked/051_P0_marked.jpg,768.0,1024.0,208.0,601.0,500.0,281.0,255.0,434.0,433.202,288.8494,173.4878,26.6619,15.6352,137.7029,scalene,obtuse,2.497,122.0677,2.497,122.0677
triangles_original/051_P1.jpg,051,planar,box,triangles_marked/051_P1_marked.jpg,768.0,1024.0,186.0,611.0,482.0,289.0,235.0,442.0,437.3786,290.5478,175.9602,26.4219,15.6336,137.9445,scalene,obtuse,2.4857,122.3108,2.4857,122.3108
triangles_original/051_T0.jpg,051,tilted,none,triangles_marked/051_T0_marked.jpg,1024.0,768.0,546.0,504.0,516.0,205.0,453.0,372.0,300.5012,178.4881,161.4714,29.4369,26.3983,124.1648,scalene,obtuse,1.861,97.7665,1.861,97.7665
triangles_original/051_T1.jpg,051,tilted,box,triangles_marked/051_T1_marked.jpg,1024.0,768.0,541.0,494.0,520.0,194.0,452.0,356.0,300.7341,175.6929,164.2102,28.8149,26.7746,124.4105,scalene,obtuse,1.8314,97.636,1.8314,97.636
triangles_original/052_P0.jpg,052,planar,none,triangles_marked/052_P0_marked.jpg,768.0,1024.0,188.0,669.0,408.0,189.0,216.0,263.0,528.0152,205.7669,406.9644,20.6784,44.2989,115.0227,scalene,obtuse,1.2974,70.7237,2.5661,94.3443
triangles_original/052_P1.jpg,052,planar,stool,triangles_marked/052_P1_marked.jpg,768.0,1024.0,167.0,632.0,397.0,140.0,198.0,215.0,543.1059,212.6641,418.1507,20.8036,44.2942,114.9022,scalene,obtuse,1.2988,70.608,2.5538,94.0987
triangles_original/052_T0.jpg,052,tilted,none,triangles_marked/052_T0_marked.jpg,1024.0,768.0,502.0,158.0,554.0,513.0,675.0,343.0,358.7882,208.6648,253.2864,34.7468,43.7753,101.4779,scalene,obtuse,1.4165,57.7026,1.7194,66.7311
triangles_original/052_T1.jpg,052,tilted,stool,triangles_marked/052_T1_marked.jpg,1024.0,768.0,509.0,143.0,556.0,503.0,678.0,338.0,363.0551,205.2048,258.0426,33.4762,43.9172,102.6066,scalene,obtuse,1.407,58.6894,1.7692,69.1304
triangles_original/053_P0.jpg,053,planar,none,triangles_marked/053_P0_marked.jpg,1024.0,768.0,630.0,552.0,386.0,133.0,344.0,359.0,484.868,229.8695,345.029,25.7736,40.7417,113.4847,scalene,obtuse,1.4053,72.743,2.1093,87.7111
triangles_original/053_P1.jpg,053,planar,stool,triangles_marked/053_P1_marked.jpg,1024.0,768.0,638.0,572.0,388.0,154.0,348.0,383.0,487.0565,232.4672,346.1517,26.0237,40.7911,113.1852,scalene,obtuse,1.4071,72.3941,2.0952,87.1615
triangles_original/053_T0.jpg,053,tilted,none,triangles_marked/053_T0_marked.jpg,1024.0,768.0,656.0,535.0,612.0,161.0,488.0,276.0,376.5793,169.1183,308.7151,26.2596,53.8664,99.874,scalene,obtuse,1.2198,46.0076,2.2267,73.6145
triangles_original/053_T1.jpg,053,tilted,stool,triangles_marked/053_T1_marked.jpg,1024.0,768.0,681.0,553.0,635.0,182.0,510.0,296.0,373.8409,169.1774,308.6908,26.5706,54.7032,98.7262,scalene,obtuse,1.2111,44.0231,2.2098,72.1556
triangles_original/054_P0.jpg,054,planar,none,triangles_marked/054_P0_marked.jpg,768.0,1024.0,179.0,648.0,593.0,213.0,171.0,275.0,600.5173,426.5302,373.0858,44.8118,38.0589,97.1294,scalene,obtuse,1.6096,59.0705,1.6096,59.0705
triangles_original/054_P1.jpg,054,planar,stool,triangles_marked/054_P1_marked.jpg,768.0,1024.0,161.0,646.0,584.0,213.0,156.0,269.0,605.3247,431.648,377.0332,45.0905,38.215,96.6945,scalene,obtuse,1.6055,58.4794,1.6055,58.4794
triangles_original/054_T0.jpg,054,tilted,none,triangles_marked/054_T0_marked.jpg,1024.0,768.0,437.0,546.0,534.0,113.0,232.0,270.0,443.7319,340.3719,343.8037,49.2301,49.9047,80.8652,isosceles,acute,1.2907,30.9605,1.3037,31.6351
triangles_original/054_T1.jpg,054,tilted,stool,triangles_marked/054_T1_marked.jpg,1024.0,768.0,440.0,543.0,536.0,117.0,239.0,271.0,436.683,334.5519,338.2085,49.1629,49.8928,80.9443,isosceles,acute,1.2912,31.0514,1.3053,31.7814
triangles_original/055_P0.jpg,055,planar,none,triangles_marked/055_P0_marked.jpg,1024.0,768.0,590.0,561.0,190.0,146.0,318.0,561.0,576.3896,434.2914,272.0,46.0544,26.8041,107.1415,scalene,obtuse,2.1191,80.3375,2.1191,80.3375
triangles_original/055_P1.jpg,055,planar,laptop,triangles_marked/055_P1_marked.jpg,1024.0,768.0,622.0,592.0,207.0,189.0,346.0,602.0,578.4756,435.7637,276.1811,46.2346,27.2392,106.5262,scalene,obtuse,2.0946,79.287,2.0946,79.287
triangles_original/055_T0.jpg,055,tilted,none,triangles_marked/055_T0_marked.jpg,1024.0,768.0,454.0,114.0,407.0,545.0,648.0,200.0,433.5551,420.8396,212.2074,72.3158,28.7128,78.9714,isosceles,acute,2.0431,50.2586,2.0431,50.2586
triangles_original/055_T1.jpg,055,tilted,laptop,triangles_marked/055_T1_marked.jpg,1024.0,768.0,441.0,118.0,399.0,550.0,638.0,204.0,434.0369,420.5199,214.9535,71.9694,29.0819,78.9488,scalene,acute,2.0192,49.8669,2.0192,49.8669
triangles_original/056_P0.jpg,056,planar,none,triangles_marked/056_P0_marked.jpg,1024.0,768.0,639.0,572.0,210.0,168.0,648.0,369.0,589.2852,481.918,203.1994,49.2576,18.6304,112.112,scalene,obtuse,2.9,93.4817,2.9,93.4817
triangles_original/056_P1.jpg,056,planar,laptop,triangles_marked/056_P1_marked.jpg,1024.0,768.0,648.0,599.0,218.0,193.0,657.0,392.0,591.3848,481.9979,207.1956,49.134,18.9707,111.8954,scalene,obtuse,2.8542,92.9247,2.8542,92.9247
triangles_original/056_T0.jpg,056,tilted,none,triangles_marked/056_T0_marked.jpg,1024.0,768.0,542.0,161.0,240.0,412.0,363.0,170.0,392.6894,271.4645,179.2261,36.8525,23.3265,119.821,scalene,obtuse,2.191,96.4944,2.191,96.4944
triangles_original/056_T1.jpg,056,tilted,laptop,triangles_marked/056_T1_marked.jpg,1024.0,768.0,534.0,168.0,237.0,430.0,355.0,180.0,396.0467,276.4489,179.4018,37.582,23.3154,119.1026,scalene,obtuse,2.2076,95.7872,2.2076,95.7872
triangles_original/057_P0.jpg,057,planar,none,triangles_marked/057_P0_marked.jpg,768.0,1024.0,197.0,629.0,131.0,176.0,410.0,626.0,457.7827,529.4724,213.0211,97.4825,23.5095,59.008,scalene,obtuse,2.149,35.4985,2.4855,73.973
triangles_original/057_P1.jpg,057,planar,laptop,triangles_marked/057_P1_marked.jpg,768.0,1024.0,169.0,645.0,110.0,187.0,384.0,643.0,461.7846,531.9887,215.0093,96.8075,23.6602,59.5323,scalene,obtuse,2.1477,35.872,2.4743,73.1473
triangles_original/057_T0.jpg,057,tilted,none,triangles_marked/057_T0_marked.jpg,1024.0,768.0,540.0,120.0,854.0,362.0,359.0,170.0,396.4341,530.9322,187.7791,126.9361,16.4212,36.6427,scalene,obtuse,2.1112,20.2214,2.8274,110.5148
triangles_original/057_T1.jpg,057,tilted,laptop,triangles_marked/057_T1_marked.jpg,1024.0,768.0,546.0,120.0,858.0,366.0,363.0,168.0,397.316,533.1313,189.1904,127.0483,16.453,36.4987,scalene,obtuse,2.1001,20.0457,2.818,110.5952
triangles_original/058_P0.jpg,058,planar,none,triangles_marked/058_P0_marked.jpg,1024.0,768.0,601.0,575.0,422.0,633.0,613.0,365.0,188.1622,329.0973,210.3426,111.224,36.5696,32.2065,scalene,obtuse,0.8946,4.3631,1.749,79.0175
triangles_original/058_P1.jpg,058,planar,pillow,triangles_marked/058_P1_marked.jpg,1024.0,768.0,605.0,568.0,424.0,628.0,614.0,356.0,190.6856,331.7891,212.191,110.7708,36.7246,32.5045,scalene,obtuse,0.8987,4.2201,1.74,78.2663
triangles_original/058_T0.jpg,058,tilted,none,triangles_marked/058_T0_marked.jpg,1024.0,768.0,570.0,103.0,720.0,191.0,371.0,122.0,173.908,355.7555,199.905,144.1474,19.2151,16.6375,scalene,obtuse,0.87,2.5776,2.0457,127.5098
triangles_original/058_T1.jpg,058,tilted,pillow,triangles_marked/058_T1_marked.jpg,1024.0,768.0,556.0,91.0,703.0,177.0,357.0,111.0,170.3085,352.2386,200.0025,143.9318,19.5296,16.5386,scalene,obtuse,0.8515,2.991,2.0682,127.3932
triangles_original/059_P0.jpg,059,planar,none,triangles_marked/059_P0_marked.jpg,768.0,1024.0,347.0,501.0,515.0,508.0,266.0,688.0,168.1458,307.2475,203.7891,111.0341,38.2488,30.7171,scalene,obtuse,0.8251,7.5317,1.8273,80.3171
triangles_original/059_P1.jpg,059,planar,pillow,triangles_marked/059_P1_marked.jpg,768.0,1024.0,338.0,438.0,508.0,447.0,254.0,629.0,170.2381,312.474,208.6552,110.709,38.6534,30.6376,scalene,obtuse,0.8159,8.0158,1.8355,80.0713
triangles_original/059_T0.jpg,059,tilted,none,triangles_marked/059_T0_marked.jpg,1024.0,768.0,515.0,276.0,374.0,352.0,478.0,161.0,160.178,217.4787,120.8056,100.49,33.1066,46.4034,scalene,obtuse,1.3259,13.2968,1.8002,67.3834
triangles_original/059_T1.jpg,059,tilted,pillow,triangles_marked/059_T1_marked.jpg,1024.0,768.0,509.0,263.0,370.0,341.0,471.0,149.0,159.3895,216.9447,120.1666,100.8641,32.9548,46.1812,scalene,obtuse,1.3264,13.2264,1.8054,67.9093
triangles_original/060_P0.jpg,060,planar,none,triangles_marked/060_P0_marked.jpg,768.0,1024.0,505.0,498.0,328.0,491.0,245.0,696.0,177.1384,221.1651,326.8088,39.5554,109.7772,30.6674,scalene,obtuse,0.542,79.1098,1.8449,79.1098
triangles_original/060_P1.jpg,060,planar,pillow,triangles_marked/060_P1_marked.jpg,768.0,1024.0,499.0,504.0,322.0,498.0,240.0,707.0,177.1017,224.5106,329.0745,40.0303,109.4808,30.4889,scalene,obtuse,0.5382,78.9919,1.8581,78.9919
triangles_original/060_T0.jpg,060,tilted,none,triangles_marked/060_T0_marked.jpg,1024.0,768.0,581.0,188.0,469.0,251.0,603.0,374.0,128.5029,181.8928,187.2966,67.3878,71.9069,40.7053,isosceles,acute,0.6861,31.2016,1.4575,31.2016
triangles_original/060_T1.jpg,060,tilted,pillow,triangles_marked/060_T1_marked.jpg,1024.0,768.0,579.0,195.0,466.0,256.0,597.0,380.0,128.4134,180.3802,185.8736,67.196,71.7888,41.0152,isosceles,acute,0.6909,30.7736,1.4475,30.7736
triangles_original/061_P0.jpg,061,planar,none,triangles_marked/061_P0_marked.jpg,1024.0,768.0,518.0,230.0,749.0,242.0,748.0,420.0,231.3115,178.0028,298.3287,36.5859,92.6518,50.7622,scalene,obtuse,0.7754,41.8896,1.676,56.0659
triangles_original/061_P1.jpg,061,planar,rubiks cube,triangles_marked/061_P1_marked.jpg,1024.0,768.0,530.0,221.0,764.0,234.0,762.0,413.0,234.3608,179.0112,301.1445,36.4309,92.5397,51.0295,scalene,obtuse,0.7782,41.5102,1.6823,56.1088
triangles_original/061_T0.jpg,061,tilted,none,triangles_marked/061_T0_marked.jpg,1024.0,768.0,564.0,193.0,690.0,339.0,517.0,394.0,192.8523,181.5324,206.4219,53.9557,66.8418,59.2025,scalene,acute,0.9343,7.6393,1.1371,12.8861
triangles_original/061_T1.jpg,061,tilted,rubiks cube,triangles_marked/061_T1_marked.jpg,1024.0,768.0,572.0,187.0,701.0,331.0,527.0,386.0,193.3313,182.4856,204.0245,54.5971,65.6863,59.7166,scalene,acute,0.9476,5.9696,1.118,11.0892
triangles_original/062_P0.jpg,062,planar,none,triangles_marked/062_P0_marked.jpg,768.0,1024.0,95.0,610.0,594.0,586.0,319.0,350.0,499.5768,362.3824,343.1851,46.5002,43.3892,90.1106,scalene,right,1.4557,46.7214,1.4557,46.7214
triangles_original/062_P1.jpg,062,planar,rubiks cube,triangles_marked/062_P1_marked.jpg,768.0,1024.0,89.0,604.0,591.0,582.0,318.0,344.0,502.4818,362.1781,346.4693,46.118,43.5911,90.2909,scalene,right,1.4503,46.6997,1.4503,46.6997
triangles_original/062_T0.jpg,062,tilted,none,triangles_marked/062_T0_marked.jpg,1024.0,768.0,780.0,346.0,432.0,153.0,490.0,350.0,397.9359,205.3607,290.0276,29.8029,44.5821,105.615,scalene,obtuse,1.3721,61.033,1.9377,75.8122
triangles_original/062_T1.jpg,062,tilted,rubiks cube,triangles_marked/062_T1_marked.jpg,1024.0,768.0,781.0,343.0,430.0,146.0,489.0,345.0,402.5047,207.562,292.0068,29.6959,44.1824,106.1217,scalene,obtuse,1.3784,61.9394,1.9392,76.4258
triangles_original/063_P0.jpg,063,planar,none,triangles_marked/063_P0_marked.jpg,1024.0,768.0,797.0,465.0,306.0,317.0,571.0,150.0,512.8206,313.2315,387.6867,37.5679,48.9928,93.4393,scalene,obtuse,1.3228,44.4465,1.6372,55.8714
triangles_original/063_P1.jpg,063,planar,rubiks cube,triangles_marked/063_P1_marked.jpg,1024.0,768.0,837.0,465.0,341.0,320.0,605.0,150.0,516.7601,314.0,391.2148,37.3324,49.0748,93.5929,scalene,obtuse,1.3209,44.5181,1.6457,56.2605
triangles_original/063_T0.jpg,063,tilted,none,triangles_marked/063_T0_marked.jpg,1024.0,768.0,527.0,476.0,417.0,162.0,659.0,225.0,332.7101,250.066,283.593,47.046,56.1017,76.8522,scalene,acute,1.1732,20.7505,1.3305,29.8062
triangles_original/063_T1.jpg,063,tilted,rubiks cube,triangles_marked/063_T1_marked.jpg,1024.0,768.0,522.0,468.0,408.0,154.0,650.0,215.0,334.0539,249.5696,283.5366,46.79,55.8986,77.3114,scalene,acute,1.1782,21.4128,1.3385,30.5215
triangles_original/064_P0.jpg,064,planar,none,triangles_marked/064_P0_marked.jpg,1024.0,768.0,457.0,131.0,582.0,566.0,484.0,595.0,452.6036,102.2008,464.7849,12.7021,90.4521,76.8458,isosceles,right,0.9738,13.6063,4.5478,77.75
triangles_original/064_P1.jpg,064,planar,glass,triangles_marked/064_P1_marked.jpg,1024.0,768.0,434.0,136.0,564.0,575.0,464.0,604.0,457.8439,104.1201,468.9606,12.8277,89.6767,77.4956,isosceles,right,0.9763,12.1811,4.504,76.849
triangles_original/064_T0.jpg,064,tilted,none,triangles_marked/064_T0_marked.jpg,1024.0,768.0,605.0,185.0,485.0,453.0,382.0,427.0,293.6392,106.2309,329.079,18.5392,99.9539,61.5069,scalene,obtuse,0.8923,38.4471,3.0978,81.4147
triangles_original/064_T1.jpg,064,tilted,glass,triangles_marked/064_T1_marked.jpg,1024.0,768.0,599.0,175.0,480.0,448.0,379.0,423.0,297.8087,104.0481,331.5177,18.0239,99.6496,62.3266,scalene,obtuse,0.8983,37.323,3.1862,81.6257
triangles_original/065_P0.jpg,065,planar,none,triangles_marked/065_P0_marked.jpg,1024.0,768.0,500.0,552.0,822.0,368.0,739.0,217.0,370.8639,172.3079,411.5167,24.7498,90.9487,64.3015,scalene,right,0.9012,26.6471,2.3883,66.1988
triangles_original/065_P1.jpg,065,planar,glass,triangles_marked/065_P1_marked.jpg,1024.0,768.0,508.0,558.0,829.0,371.0,743.0,219.0,371.497,174.6425,412.4876,25.0466,90.7224,64.231,scalene,right,0.9006,26.4914,2.3619,65.6758
triangles_original/065_T0.jpg,065,tilted,none,triangles_marked/065_T0_marked.jpg,1024.0,768.0,672.0,206.0,357.0,160.0,286.0,246.0,318.341,111.5213,388.067,14.2245,121.2342,44.5413,scalene,obtuse,0.8203,76.6929,3.4798,107.0096
triangles_original/065_T1.jpg,065,tilted,glass,triangles_marked/065_T1_marked.jpg,1024.0,768.0,684.0,233.0,370.0,187.0,304.0,269.0,317.3515,105.2616,381.7015,13.7462,120.4955,45.7583,scalene,obtuse,0.8314,74.7372,3.6262,106.7492
triangles_original/066_P0.jpg,066,planar,none,triangles_marked/066_P0_marked.jpg,1024.0,768.0,614.0,630.0,644.0,148.0,392.0,359.0,482.9327,328.6716,350.3213,42.8855,46.499,90.6156,scalene,right,1.3785,44.1166,1.4693,47.7301
triangles_original/066_P1.jpg,066,planar,glass,triangles_marked/066_P1_marked.jpg,1024.0,768.0,614.0,621.0,639.0,137.0,388.0,353.0,484.6452,331.145,350.571,43.0973,46.3292,90.5735,scalene,right,1.3824,44.2443,1.4635,47.4763
triangles_original/066_T0.jpg,066,tilted,none,triangles_marked/066_T0_marked.jpg,1024.0,768.0,434.0,536.0,630.0,138.0,323.0,247.0,443.644,325.776,309.5836,47.2294,44.2341,88.5364,scalene,right,1.433,44.3023,1.433,44.3023
triangles_original/066_T1.jpg,066,tilted,glass,triangles_marked/066_T1_marked.jpg,1024.0,768.0,423.0,532.0,627.0,138.0,314.0,239.0,443.6801,328.8921,312.618,47.7795,44.7423,87.4782,scalene,acute,1.4192,42.7358,1.4192,42.7358
triangles_original/067_P0.jpg,067,planar,none,triangles_marked/067_P0_marked.jpg,1024.0,768.0,563.0,171.0,878.0,452.0,316.0,429.0,422.1208,562.4704,357.1736,92.0172,39.3915,48.5914,scalene,obtuse,1.1818,9.1999,1.5748,52.6257
triangles_original/067_P1.jpg,067,planar,iron,triangles_marked/067_P1_marked.jpg,1024.0,768.0,563.0,168.0,875.0,452.0,311.0,426.0,421.9005,564.599,360.6494,92.0157,39.6708,48.3135,scalene,obtuse,1.1698,8.6427,1.5655,52.3449
triangles_original/067_T0.jpg,067,tilted,none,triangles_marked/067_T0_marked.jpg,1024.0,768.0,786.0,331.0,350.0,409.0,589.0,231.0,442.9221,298.0017,220.9276,37.0559,26.5348,116.4094,scalene,obtuse,2.0048,89.8746,2.0048,89.8746
triangles_original/067_T1.jpg,067,tilted,iron,triangles_marked/067_T1_marked.jpg,1024.0,768.0,770.0,323.0,333.0,420.0,570.0,228.0,447.636,305.0131,221.4159,37.9226,26.4969,115.5804,scalene,obtuse,2.0217,89.0835,2.0217,89.0835
triangles_original/068_P0.jpg,068,planar,none,triangles_marked/068_P0_marked.jpg,768.0,1024.0,573.0,431.0,427.0,755.0,170.0,640.0,355.3759,281.5564,453.9714,38.3311,90.15,51.5188,scalene,right,0.7828,38.6312,1.6124,51.8189
triangles_original/068_P1.jpg,068,planar,iron,triangles_marked/068_P1_marked.jpg,768.0,1024.0,566.0,454.0,420.0,781.0,163.0,667.0,358.1131,281.1494,455.8267,38.082,90.1389,51.7792,scalene,right,0.7856,38.3597,1.6213,52.0569
triangles_original/068_T0.jpg,068,tilted,none,triangles_marked/068_T0_marked.jpg,1024.0,768.0,448.0,297.0,672.0,194.0,837.0,348.0,246.5461,225.7011,392.3289,32.1632,112.2809,35.5559,scalene,obtuse,0.6284,76.7251,1.7383,80.1178
triangles_original/068_T1.jpg,068,tilted,iron,triangles_marked/068_T1_marked.jpg,1024.0,768.0,435.0,301.0,658.0,193.0,828.0,342.0,247.7761,226.0553,395.1329,31.797,112.9253,35.2777,scalene,obtuse,0.6271,77.6475,1.7479,81.1282
triangles_original/069_P0.jpg,069,planar,none,triangles_marked/069_P0_marked.jpg,1024.0,768.0,627.0,530.0,197.0,446.0,708.0,214.0,438.1278,561.1996,326.2162,93.3236,35.4721,51.2044,scalene,obtuse,1.3431,15.7323,1.7203,57.8515
triangles_original/069_P1.jpg,069,planar,iron,triangles_marked/069_P1_marked.jpg,1024.0,768.0,612.0,550.0,173.0,470.0,686.0,224.0,446.2298,568.9332,334.2933,92.4613,35.947,51.5917,scalene,obtuse,1.3348,15.6447,1.7019,56.5142
triangles_original/069_T0.jpg,069,tilted,none,triangles_marked/069_T0_marked.jpg,1024.0,768.0,400.0,136.0,592.0,341.0,151.0,253.0,280.8719,449.6943,275.1182,107.9566,35.5906,36.4528,isosceles,obtuse,1.0209,0.8622,1.6345,72.366
triangles_original/069_T1.jpg,069,tilted,iron,triangles_marked/069_T1_marked.jpg,1024.0,768.0,406.0,127.0,595.0,336.0,153.0,243.0,281.7836,451.678,278.3253,107.4919,35.9946,36.5135,isosceles,obtuse,1.0124,0.5188,1.6228,71.4972
triangles_original/070_P0.jpg,070,planar,none,triangles_marked/070_P0_marked.jpg,1024.0,768.0,299.0,108.0,779.0,202.0,217.0,548.0,489.1176,659.9697,447.5757,89.4765,42.6991,47.8244,scalene,right,1.0928,5.1253,1.4745,46.7775
triangles_original/070_P1.jpg,070,planar,book,triangles_marked/070_P1_marked.jpg,1024.0,768.0,287.0,102.0,773.0,201.0,201.0,546.0,495.9808,667.9888,452.2521,89.4483,42.61,47.9418,scalene,right,1.0967,5.3318,1.477,46.8383
triangles_original/070_T0.jpg,070,tilted,none,triangles_marked/070_T0_marked.jpg,1024.0,768.0,519.0,92.0,792.0,305.0,189.0,193.0,346.2629,613.3131,345.1101,125.0207,27.44,27.5394,isosceles,obtuse,1.0033,0.0994,1.7772,97.5807
triangles_original/070_T1.jpg,070,tilted,book,triangles_marked/070_T1_marked.jpg,1024.0,768.0,537.0,95.0,807.0,310.0,209.0,193.0,345.1449,609.3382,342.3273,124.8347,27.46,27.7053,isosceles,obtuse,1.0082,0.2453,1.78,97.3747
triangles_original/071_P0.jpg,071,planar,none,triangles_marked/071_P0_marked.jpg,1024.0,768.0,657.0,631.0,336.0,541.0,443.0,115.0,333.3782,439.2323,558.6161,51.8127,91.5626,36.6247,scalene,right,0.5968,54.9379,1.6756,54.9379
triangles_original/071_P1.jpg,071,planar,book,triangles_marked/071_P1_marked.jpg,1024.0,768.0,666.0,625.0,343.0,532.0,454.0,106.0,336.122,440.2238,560.6291,51.7186,91.458,36.8234,scalene,right,0.5995,54.6346,1.6679,54.6346
triangles_original/071_T0.jpg,071,tilted,none,triangles_marked/071_T0_marked.jpg,1024.0,768.0,263.0,193.0,548.0,160.0,828.0,363.0,286.9042,345.8453,590.0212,23.3506,137.4531,19.1964,scalene,obtuse,0.4863,118.2567,2.0565,118.2567
triangles_original/071_T1.jpg,071,tilted,book,triangles_marked/071_T1_marked.jpg,1024.0,768.0,265.0,176.0,555.0,144.0,833.0,350.0,291.7602,346.0058,594.0539,23.3286,137.1645,19.5069,scalene,obtuse,0.4911,117.6576,2.0361,117.6576
triangles_original/072_P0.jpg,072,planar,none,triangles_marked/072_P0_marked.jpg,1024.0,768.0,819.0,469.0,480.0,587.0,728.0,188.0,358.9499,469.7925,295.3676,91.2479,38.9447,49.8074,scalene,right,1.2153,10.8627,1.5905,52.3032
triangles_original/072_P1.jpg,072,planar,book,triangles_marked/072_P1_marked.jpg,1024.0,768.0,834.0,465.0,490.0,580.0,744.0,182.0,362.7134,472.144,296.9663,90.8431,38.9694,50.1874,scalene,right,1.2214,11.218,1.5899,51.8737
triangles_original/072_T0.jpg,072,tilted,none,triangles_marked/072_T0_marked.jpg,1024.0,768.0,714.0,184.0,783.0,407.0,465.0,115.0,233.4309,431.7268,258.3834,122.6815,30.2477,27.0709,scalene,obtuse,0.9034,3.1768,1.8495,95.6106
triangles_original/072_T1.jpg,072,tilted,book,triangles_marked/072_T1_marked.jpg,1024.0,768.0,730.0,168.0,807.0,391.0,475.0,112.0,235.9195,433.6646,261.0766,121.4353,30.9082,27.6564,scalene,obtuse,0.9036,3.2518,1.8382,93.7789
triangles_original/073_P0.jpg,073,planar,none,triangles_marked/073_P0_marked.jpg,1024.0,768.0,292.0,147.0,729.0,244.0,645.0,639.0,447.636,403.8329,605.5353,41.8264,90.5094,47.6642,scalene,right,0.7392,42.8451,1.4995,48.6829
triangles_original/073_P1.jpg,073,planar,kettle,triangles_marked/073_P1_marked.jpg,1024.0,768.0,282.0,165.0,724.0,260.0,644.0,666.0,452.094,413.8067,618.0979,42.0197,90.9832,46.9972,scalene,right,0.7314,43.986,1.4937,48.9635
triangles_original/073_T0.jpg,073,tilted,none,triangles_marked/073_T0_marked.jpg,1024.0,768.0,536.0,130.0,745.0,349.0,401.0,522.0,302.7243,385.0519,414.595,62.6646,73.0366,44.2988,scalene,acute,0.7302,28.7378,1.3695,28.7378
triangles_original/073_T1.jpg,073,tilted,kettle,triangles_marked/073_T1_marked.jpg,1024.0,768.0,523.0,126.0,732.0,342.0,390.0,525.0,300.5611,387.8827,420.5829,62.4913,74.0943,43.4144,scalene,acute,0.7146,30.6799,1.3993,30.6799
triangles_original/074_P0.jpg,074,planar,none,triangles_marked/074_P0_marked.jpg,768.0,1024.0,94.0,219.0,216.0,661.0,565.0,571.0,458.5281,360.4178,588.0009,37.7971,90.9701,51.2328,scalene,right,0.7798,39.7373,1.6314,53.173
triangles_original/074_P1.jpg,074,planar,kettle,triangles_marked/074_P1_marked.jpg,768.0,1024.0,91.0,196.0,209.0,643.0,563.0,554.0,462.3127,365.0164,592.4086,38.0329,90.6753,51.2918,scalene,right,0.7804,39.3836,1.623,52.6424
triangles_original/074_T0.jpg,074,tilted,none,triangles_marked/074_T0_marked.jpg,1024.0,768.0,927.0,341.0,552.0,128.0,322.0,276.0,431.2702,273.5032,608.4817,23.4644,117.643,38.8926,scalene,obtuse,0.7088,78.7504,2.2248,94.1787
triangles_original/074_T1.jpg,074,tilted,kettle,triangles_marked/074_T1_marked.jpg,1024.0,768.0,899.0,342.0,534.0,127.0,298.0,269.0,423.6154,275.4269,605.4172,23.5744,118.4651,37.9606,scalene,obtuse,0.6997,80.5045,2.1981,94.8907
triangles_original/075_P0.jpg,075,planar,none,triangles_marked/075_P0_marked.jpg,1024.0,768.0,188.0,555.0,481.0,590.0,234.0,119.0,295.083,531.8364,438.4199,90.7892,55.5148,33.6959,scalene,right,0.6731,21.8189,1.8023,57.0933
triangles_original/075_P1.jpg,075,planar,kettle,triangles_marked/075_P1_marked.jpg,1024.0,768.0,191.0,569.0,485.0,600.0,232.0,127.0,295.6298,536.4122,443.8975,90.7195,55.8392,33.4412,scalene,right,0.666,22.398,1.8145,57.2783
triangles_original/075_T0.jpg,075,tilted,none,triangles_marked/075_T0_marked.jpg,1024.0,768.0,824.0,326.0,627.0,188.0,495.0,549.0,240.5265,384.3761,397.4544,69.1414,75.0735,35.7851,scalene,acute,0.6052,39.2883,1.6524,39.2883
triangles_original/075_T1.jpg,075,tilted,kettle,triangles_marked/075_T1_marked.jpg,1024.0,768.0,816.0,315.0,622.0,175.0,485.0,535.0,239.2405,385.187,397.4431,69.4262,75.0185,35.5553,scalene,acute,0.6019,39.4632,1.6613,39.4632
triangles_original/076_P0.jpg,076,planar,none,triangles_marked/076_P0_marked.jpg,1024.0,768.0,749.0,345.0,240.0,501.0,635.0,669.0,532.3692,429.2424,343.4705,53.5761,40.0803,86.3437,scalene,acute,1.55,46.2634,1.55,46.2634
triangles_original/076_P1.jpg,076,planar,apple,triangles_marked/076_P1_marked.jpg,1024.0,768.0,756.0,339.0,241.0,489.0,637.0,664.0,536.4,432.9446,346.1011,53.6508,40.0804,86.2688,scalene,acute,1.5498,46.1884,1.5498,46.1884
triangles_original/076_T0.jpg,076,tilted,none,triangles_marked/076_T0_marked.jpg,1024.0,768.0,457.0,334.0,543.0,177.0,228.0,222.0,179.0112,318.1981,254.9216,92.6502,53.1573,34.1926,scalene,obtuse,0.7022,18.9647,1.7775,58.4576
triangles_original/076_T1.jpg,076,tilted,apple,triangles_marked/076_T1_marked.jpg,1024.0,768.0,452.0,347.0,541.0,189.0,232.0,241.0,181.3422,313.3449,244.2048,93.6666,51.0553,35.2781,scalene,obtuse,0.7426,15.7772,1.7279,58.3884
triangles_original/077_P0.jpg,077,planar,none,triangles_marked/077_P0_marked.jpg,768.0,1024.0,559.0,308.0,391.0,722.0,642.0,695.0,446.7885,252.448,395.8005,34.192,61.7731,84.0348,scalene,acute,1.1288,22.2617,1.7698,49.8428
triangles_original/077_P1.jpg,077,planar,apple,triangles_marked/077_P1_marked.jpg,768.0,1024.0,550.0,305.0,375.0,720.0,629.0,692.0,450.3887,255.5386,394.981,34.402,60.8448,84.7531,scalene,acute,1.1403,23.9083,1.7625,50.3511
triangles_original/077_T0.jpg,077,tilted,none,triangles_marked/077_T0_marked.jpg,1024.0,768.0,327.0,399.0,555.0,186.0,352.0,118.0,312.0144,214.0864,282.1099,41.864,61.5715,76.5645,scalene,acute,1.106,14.993,1.4574,34.7005
triangles_original/077_T1.jpg,077,tilted,apple,triangles_marked/077_T1_marked.jpg,1024.0,768.0,330.0,394.0,560.0,180.0,357.0,112.0,314.1592,214.0864,283.2896,41.5947,61.4558,76.9495,scalene,acute,1.109,15.4938,1.4674,35.3548
triangles_original/078_P0.jpg,078,planar,none,triangles_marked/078_P0_marked.jpg,768.0,1024.0,302.0,837.0,508.0,544.0,562.0,615.0,358.169,89.202,341.883,14.3978,72.3653,93.2369,scalene,obtuse,1.0476,20.8717,4.0153,78.8391
triangles_original/078_P1.jpg,078,planar,apple,triangles_marked/078_P1_marked.jpg,768.0,1024.0,308.0,843.0,519.0,551.0,573.0,624.0,360.2569,90.802,343.7819,14.5772,72.3433,93.0795,scalene,obtuse,1.0479,20.7363,3.9675,78.5024
triangles_original/078_T0.jpg,078,tilted,none,triangles_marked/078_T0_marked.jpg,1024.0,768.0,568.0,399.0,534.0,229.0,619.0,235.0,173.3667,85.2115,171.7469,28.5844,74.6524,76.7633,isosceles,acute,1.0094,2.1109,2.0345,48.1789
triangles_original/078_T1.jpg,078,tilted,apple,triangles_marked/078_T1_marked.jpg,1024.0,768.0,556.0,404.0,529.0,234.0,613.0,243.0,172.1308,84.4808,170.7923,28.5204,74.86,76.6196,isosceles,acute,1.0078,1.7597,2.0375,48.0992
triangles_original/079_P0.jpg,079,planar,none,triangles_marked/079_P0_marked.jpg,768.0,1024.0,572.0,562.0,122.0,240.0,233.0,150.0,553.339,142.9021,533.5401,14.9661,74.6213,90.4126,scalene,right,1.0371,15.7912,3.8722,75.4465
triangles_original/079_P1.jpg,079,planar,box,triangles_marked/079_P1_marked.jpg,768.0,1024.0,567.0,567.0,119.0,245.0,231.0,153.0,551.7137,144.9414,533.1904,15.2307,75.1074,89.6619,scalene,right,1.0347,14.5546,3.8065,74.4312
triangles_original/079_T0.jpg,079,tilted,none,triangles_marked/079_T0_marked.jpg,1024.0,768.0,462.0,161.0,635.0,548.0,461.0,545.0,423.908,174.0259,384.0013,24.2352,64.9262,90.8386,scalene,right,1.1039,25.9123,2.4359,66.6033
triangles_original/079_T1.jpg,079,tilted,box,triangles_marked/079_T1_marked.jpg,1024.0,768.0,464.0,156.0,638.0,541.0,463.0,538.0,422.4938,175.0257,382.0013,24.4705,64.6974,90.8321,scalene,right,1.106,26.1347,2.4139,66.3616
triangles_original/080_P0.jpg,080,planar,none,triangles_marked/080_P0_marked.jpg,768.0,1024.0,563.0,363.0,191.0,335.0,498.0,206.0,373.0523,333.0015,169.9235,63.2054,27.0964,89.6983,scalene,right,2.1954,62.6019,2.1954,62.6019
triangles_original/080_P1.jpg,080,planar,box,triangles_marked/080_P1_marked.jpg,768.0,1024.0,561.0,360.0,194.0,328.0,498.0,201.0,368.3925,329.4617,171.0263,63.402,27.6566,88.9414,scalene,right,2.154,61.2848,2.154,61.2848
triangles_original/080_T0.jpg,080,tilted,none,triangles_marked/080_T0_marked.jpg,1024.0,768.0,594.0,216.0,283.0,264.0,487.0,156.0,314.6824,230.8246,122.6744,38.0553,19.1234,122.8213,scalene,obtuse,2.5652,103.6979,2.5652,103.6979
triangles_original/080_T1.jpg,080,tilted,box,triangles_marked/080_T1_marked.jpg,1024.0,768.0,595.0,198.0,278.0,244.0,485.0,137.0,320.3202,233.0193,125.7816,37.2669,19.0782,123.6548,scalene,obtuse,2.5466,104.5766,2.5466,104.5766
triangles_original/081_P0.jpg,081,planar,none,triangles_marked/081_P0_marked.jpg,768.0,1024.0,295.0,670.0,118.0,308.0,649.0,514.0,402.9553,569.5586,386.8488,92.2743,42.74,44.9857,scalene,obtuse,1.0416,2.2456,1.4723,49.5343
triangles_original/081_P1.jpg,081,planar,box,triangles_marked/081_P1_marked.jpg,768.0,1024.0,286.0,669.0,106.0,300.0,642.0,511.0,410.5618,576.0356,389.4868,92.0707,42.5092,45.42,scalene,obtuse,1.0541,2.9108,1.479,49.5615
triangles_original/081_T0.jpg,081,tilted,none,triangles_marked/081_T0_marked.jpg,1024.0,768.0,559.0,477.0,217.0,250.0,713.0,276.0,410.479,496.681,253.2133,93.8843,30.5733,55.5424,scalene,obtuse,1.6211,24.9692,1.9615,63.311
triangles_original/081_T1.jpg,081,tilted,box,triangles_marked/081_T1_marked.jpg,1024.0,768.0,568.0,467.0,224.0,233.0,724.0,261.0,416.0433,500.7834,258.4028,92.9112,31.0196,56.0692,scalene,obtuse,1.6101,25.0496,1.938,61.8916
triangles_original/082_P0.jpg,082,planar,none,triangles_marked/082_P0_marked.jpg,1024.0,768.0,161.0,122.0,207.0,641.0,725.0,125.0,521.0345,731.1498,564.008,84.6302,50.1758,45.1939,scalene,acute,0.9238,4.9819,1.4033,39.4363
triangles_original/082_P1.jpg,082,planar,stool,triangles_marked/082_P1_marked.jpg,1024.0,768.0,123.0,138.0,168.0,667.0,691.0,145.0,530.9105,738.9269,568.0431,84.4317,49.9171,45.6512,scalene,acute,0.9346,4.2658,1.3918,38.7805
triangles_original/082_T0.jpg,082,tilted,none,triangles_marked/082_T0_marked.jpg,1024.0,768.0,487.0,79.0,111.0,250.0,908.0,265.0,413.0581,797.1411,460.2575,131.7085,25.5336,22.7579,scalene,obtuse,0.8974,2.7758,1.9299,108.9506
triangles_original/082_T1.jpg,082,tilted,stool,triangles_marked/082_T1_marked.jpg,1024.0,768.0,482.0,74.0,99.0,242.0,899.0,269.0,418.226,800.4555,460.3412,131.2537,25.6173,23.129,scalene,obtuse,0.9085,2.4883,1.9139,108.1247
triangles_original/083_P0.jpg,083,planar,none,triangles_marked/083_P0_marked.jpg,1024.0,768.0,281.0,292.0,484.0,650.0,682.0,544.0,411.5495,224.5885,473.6085,28.2986,91.3924,60.309,scalene,right,0.869,31.0834,2.1088,63.0938
triangles_original/083_P1.jpg,083,planar,stool,triangles_marked/083_P1_marked.jpg,1024.0,768.0,221.0,288.0,425.0,657.0,630.0,549.0,421.6361,231.7089,485.1824,28.5205,91.1542,60.3252,scalene,right,0.869,30.829,2.0939,62.6337
triangles_original/083_T0.jpg,083,tilted,none,triangles_marked/083_T0_marked.jpg,1024.0,768.0,485.0,191.0,316.0,445.0,577.0,527.0,305.0852,273.5781,348.3676,48.9508,73.8035,57.2457,scalene,acute,0.8758,16.5578,1.2734,24.8527
triangles_original/083_T1.jpg,083,tilted,stool,triangles_marked/083_T1_marked.jpg,1024.0,768.0,480.0,180.0,314.0,435.0,575.0,511.0,304.2713,271.84,344.3632,49.0773,73.1716,57.7511,scalene,acute,0.8836,15.4204,1.2668,24.0943
triangles_original/084_P0.jpg,084,planar,none,triangles_marked/084_P0_marked.jpg,1024.0,768.0,180.0,162.0,198.0,626.0,672.0,164.0,464.349,661.9063,492.0041,87.5455,47.9561,44.4984,scalene,acute,0.9438,3.4577,1.4255,43.0471
triangles_original/084_P1.jpg,084,planar,stool,triangles_marked/084_P1_marked.jpg,1024.0,768.0,158.0,167.0,173.0,639.0,651.0,174.0,472.2383,666.8651,493.0497,87.3663,47.61,45.0237,scalene,acute,0.9578,2.5864,1.4121,42.3426
triangles_original/084_T0.jpg,084,tilted,none,triangles_marked/084_T0_marked.jpg,1024.0,768.0,406.0,549.0,876.0,336.0,189.0,215.0,516.0126,697.5744,398.3026,98.6322,34.3686,46.9992,scalene,obtuse,1.2955,12.6307,1.7514,64.2636
triangles_original/084_T1.jpg,084,tilted,stool,triangles_marked/084_T1_marked.jpg,1024.0,768.0,395.0,555.0,870.0,344.0,179.0,214.0,519.7557,703.1223,403.6546,98.4001,34.606,46.9939,scalene,obtuse,1.2876,12.3879,1.7419,63.7942
triangles_original/085_P0.jpg,085,planar,none,triangles_marked/085_P0_marked.jpg,768.0,1024.0,602.0,204.0,130.0,234.0,618.0,705.0,472.9524,678.2219,501.2554,88.1924,47.6212,44.1864,scalene,right,0.9435,3.4348,1.434,44.006
triangles_original/085_P1.jpg,085,planar,laptop,triangles_marked/085_P1_marked.jpg,768.0,1024.0,604.0,182.0,129.0,209.0,614.0,689.0,475.7667,682.3672,507.0986,87.8766,47.9564,44.1669,scalene,acute,0.9382,3.7895,1.4342,43.7097
triangles_original/085_T0.jpg,085,tilted,none,triangles_marked/085_T0_marked.jpg,1024.0,768.0,166.0,247.0,696.0,457.0,500.0,180.0,570.0877,339.3302,340.6538,32.9577,33.1027,113.9396,isosceles,obtuse,1.6735,80.8369,1.68,80.9819
triangles_original/085_T1.jpg,085,tilted,laptop,triangles_marked/085_T1_marked.jpg,1024.0,768.0,130.0,245.0,662.0,449.0,473.0,175.0,569.7719,332.8618,350.07,32.5144,34.4231,113.0626,scalene,obtuse,1.6276,78.6395,1.7117,80.5482
triangles_original/086_P0.jpg,086,planar,none,triangles_marked/086_P0_marked.jpg,1024.0,768.0,544.0,135.0,303.0,512.0,196.0,342.0,447.4483,200.8706,404.9111,26.6656,64.7758,88.5586,scalene,right,1.1051,23.7827,2.2275,61.8929
triangles_original/086_P1.jpg,086,planar,laptop,triangles_marked/086_P1_marked.jpg,1024.0,768.0,500.0,134.0,254.0,515.0,145.0,341.0,453.5163,205.3217,410.9428,26.9045,64.9136,88.1819,scalene,right,1.1036,23.2682,2.2088,61.2773
triangles_original/086_T0.jpg,086,tilted,none,triangles_marked/086_T0_marked.jpg,1024.0,768.0,774.0,211.0,303.0,174.0,403.0,111.0,472.4511,118.1905,384.2408,10.5934,36.7026,132.704,scalene,obtuse,1.2296,96.0013,3.9974,122.1106
triangles_original/086_T1.jpg,086,tilted,laptop,triangles_marked/086_T1_marked.jpg,1024.0,768.0,761.0,207.0,293.0,175.0,391.0,109.0,469.0927,118.1524,382.7584,10.9234,37.8706,131.2059,scalene,obtuse,1.2256,93.3353,3.9702,120.2825
triangles_original/087_P0.jpg,087,planar,none,triangles_marked/087_P0_marked.jpg,768.0,1024.0,621.0,595.0,367.0,179.0,513.0,653.0,487.4136,495.9758,122.5887,86.8302,14.2876,78.8823,isosceles,acute,3.976,64.5947,4.0459,72.5426
triangles_original/087_P1.jpg,087,planar,laptop,triangles_marked/087_P1_marked.jpg,768.0,1024.0,618.0,584.0,357.0,167.0,510.0,643.0,491.9451,499.985,123.065,86.6052,14.2235,79.1713,isosceles,acute,3.9974,64.9477,4.0628,72.3817
triangles_original/087_T0.jpg,087,tilted,none,triangles_marked/087_T0_marked.jpg,1024.0,768.0,470.0,108.0,469.0,295.0,569.0,139.0,187.0027,185.2998,103.7401,72.9194,32.3545,74.7261,isosceles,acute,1.8026,42.3715,1.8026,42.3715
triangles_original/087_T1.jpg,087,tilted,laptop,triangles_marked/087_T1_marked.jpg,1024.0,768.0,477.0,113.0,470.0,301.0,575.0,144.0,188.1303,188.8756,102.7862,74.5788,31.6418,73.7793,isosceles,acute,1.8303,42.1375,1.8376,42.937
triangles_original/088_P0.jpg,088,planar,none,triangles_marked/088_P0_marked.jpg,768.0,1024.0,640.0,539.0,337.0,359.0,186.0,632.0,352.433,311.9776,463.4274,42.2895,88.2347,49.4758,scalene,right,0.7605,38.759,1.4855,45.9453
triangles_original/088_P1.jpg,088,planar,pillow,triangles_marked/088_P1_marked.jpg,768.0,1024.0,631.0,522.0,324.0,342.0,173.0,624.0,355.8778,319.8828,469.2206,42.9392,87.7834,49.2774,scalene,acute,0.7584,38.506,1.4669,44.8442
triangles_original/088_T0.jpg,088,tilted,none,triangles_marked/088_T0_marked.jpg,1024.0,768.0,751.0,190.0,421.0,215.0,540.0,445.0,330.9456,258.9614,330.9773,46.0616,66.9757,66.9627,isosceles,acute,0.9999,0.0129,1.2781,20.9141
triangles_original/088_T1.jpg,088,tilted,pillow,triangles_marked/088_T1_marked.jpg,1024.0,768.0,751.0,176.0,420.0,202.0,540.0,432.0,332.0196,259.4224,331.7484,46.0127,66.9385,67.0488,isosceles,acute,1.0008,0.1103,1.2798,21.0361
triangles_original/089_P0.jpg,089,planar,none,triangles_marked/089_P0_marked.jpg,1024.0,768.0,342.0,546.0,352.0,147.0,732.0,147.0,399.1253,380.0,557.9435,42.9108,91.4357,45.6535,scalene,right,0.7154,45.7821,1.4683,48.5249
triangles_original/089_P1.jpg,089,planar,pillow,triangles_marked/089_P1_marked.jpg,1024.0,768.0,347.0,547.0,352.0,144.0,737.0,139.0,403.031,385.0325,564.4147,42.997,91.4549,45.5481,scalene,right,0.7141,45.9068,1.4659,48.4579
triangles_original/089_T0.jpg,089,tilted,none,triangles_marked/089_T0_marked.jpg,1024.0,768.0,781.0,295.0,538.0,531.0,249.0,321.0,338.7403,357.2408,532.635,41.3648,99.8335,38.8017,scalene,obtuse,0.636,61.0317,1.5724,61.0317
triangles_original/089_T1.jpg,089,tilted,pillow,triangles_marked/089_T1_marked.jpg,1024.0,768.0,787.0,294.0,540.0,527.0,251.0,315.0,339.5556,358.4201,536.4112,41.0857,100.4082,38.5061,scalene,obtuse,0.633,61.9021,1.5797,61.9021
triangles_original/090_P0.jpg,090,planar,none,triangles_marked/090_P0_marked.jpg,768.0,1024.0,503.0,684.0,555.0,647.0,184.0,275.0,63.8201,525.3808,518.6926,92.5192,80.5104,6.9704,isosceles,obtuse,0.123,73.54,8.2322,85.5488
triangles_original/090_P1.jpg,090,planar,pillow,triangles_marked/090_P1_marked.jpg,768.0,1024.0,499.0,679.0,549.0,640.0,174.0,267.0,63.4114,528.9178,524.7561,90.3134,82.801,6.8856,isosceles,right,0.1208,75.9154,8.3411,83.4278
triangles_original/090_T0.jpg,090,tilted,none,triangles_marked/090_T0_marked.jpg,1024.0,768.0,776.0,271.0,774.0,235.0,192.0,167.0,36.0555,585.959,593.188,76.7227,99.844,3.4334,isosceles,obtuse,0.0608,96.4106,16.4521,96.4106
triangles_original/090_T1.jpg,090,tilted,pillow,triangles_marked/090_T1_marked.jpg,1024.0,768.0,782.0,260.0,780.0,225.0,197.0,161.0,35.0571,586.5023,593.3178,77.1243,99.5352,3.3405,isosceles,obtuse,0.0591,96.1946,16.9243,96.1946
triangles_original/091_P0.jpg,091,planar,none,triangles_marked/091_P0_marked.jpg,1024.0,768.0,333.0,149.0,552.0,615.0,827.0,197.0,514.8951,500.3489,496.3265,59.2787,58.5122,62.2091,equilateral,acute,1.0374,3.6969,1.0374,3.6969
triangles_original/091_P1.jpg,091,planar,rubiks cube,triangles_marked/091_P1_marked.jpg,1024.0,768.0,329.0,133.0,552.0,603.0,830.0,187.0,520.2201,500.3399,503.9018,58.4653,59.1364,62.3983,isosceles,acute,1.0324,3.2618,1.0397,3.9329
triangles_original/091_T0.jpg,091,tilted,none,triangles_marked/091_T0_marked.jpg,1024.0,768.0,558.0,114.0,252.0,332.0,813.0,351.0,375.7127,561.3217,348.1293,101.6285,37.4065,40.965,scalene,obtuse,1.0792,3.5585,1.6124,64.222
triangles_original/091_T1.jpg,091,tilted,rubiks cube,triangles_marked/091_T1_marked.jpg,1024.0,768.0,528.0,124.0,225.0,349.0,783.0,352.0,377.4043,558.0081,342.0658,101.6029,36.9047,41.4924,scalene,obtuse,1.1033,4.5878,1.6313,64.6982
triangles_original/092_P0.jpg,092,planar,none,triangles_marked/092_P0_marked.jpg,768.0,1024.0,285.0,580.0,553.0,279.0,165.0,209.0,403.0199,394.2639,389.9244,59.6046,58.5461,61.8493,equilateral,acute,1.0336,3.3032,1.0336,3.3032
triangles_original/092_P1.jpg,092,planar,glass,triangles_marked/092_P1_marked.jpg,768.0,1024.0,282.0,556.0,551.0,253.0,162.0,181.0,405.179,395.6071,393.7321,59.343,58.8879,61.7691,equilateral,acute,1.0291,2.8812,1.0291,2.8812
triangles_original/092_T0.jpg,092,tilted,none,triangles_marked/092_T0_marked.jpg,1024.0,768.0,462.0,174.0,501.0,380.0,855.0,233.0,209.6592,383.308,397.4041,70.7417,78.1695,31.0888,scalene,acute,0.5276,47.0807,1.8955,47.0807
triangles_original/092_T1.jpg,092,tilted,glass,triangles_marked/092_T1_marked.jpg,1024.0,768.0,465.0,169.0,503.0,375.0,860.0,243.0,209.4755,380.6219,401.8719,68.9375,80.1599,30.9027,scalene,acute,0.5212,49.2572,1.9185,49.2572
triangles_original/093_P0.jpg,093,planar,none,triangles_marked/093_P0_marked.jpg,768.0,1024.0,353.0,691.0,537.0,399.0,199.0,397.0,345.1377,338.0059,331.8915,59.8625,58.1225,62.015,equilateral,acute,1.0399,3.8925,1.0399,3.8925
triangles_original/093_P1.jpg,093,planar,iron,triangles_marked/093_P1_marked.jpg,768.0,1024.0,366.0,673.0,546.0,376.0,205.0,384.0,347.2881,341.0938,330.8202,60.3403,57.4377,62.222,isosceles,acute,1.0498,4.7844,1.0498,4.7844
triangles_original/093_T0.jpg,093,tilted,none,triangles_marked/093_T0_marked.jpg,1024.0,768.0,585.0,366.0,550.0,181.0,268.0,176.0,188.2817,282.0443,369.5795,48.3497,101.7289,29.9214,scalene,obtuse,0.5094,71.8075,1.9629,71.8075
triangles_original/093_T1.jpg,093,tilted,iron,triangles_marked/093_T1_marked.jpg,1024.0,768.0,580.0,353.0,545.0,168.0,261.0,168.0,188.2817,284.0,368.7628,49.1758,100.7131,30.111,scalene,obtuse,0.5106,70.6021,1.9586,70.6021
triangles_original/094_P0.jpg,094,planar,none,triangles_marked/094_P0_marked.jpg,768.0,1024.0,445.0,494.0,270.0,743.0,572.0,762.0,304.3452,302.5971,296.5687,60.4553,58.5,61.0447,equilateral,acute,1.0262,2.5447,1.0262,2.5447
triangles_original/094_P1.jpg,094,planar,book,triangles_marked/094_P1_marked.jpg,768.0,1024.0,436.0,517.0,261.0,766.0,562.0,785.0,304.3452,301.5991,296.1419,60.2805,58.5119,61.2076,equilateral,acute,1.0277,2.6957,1.0277,2.6957
triangles_original/094_T0.jpg,094,tilted,none,triangles_marked/094_T0_marked.jpg,1024.0,768.0,487.0,277.0,550.0,386.0,785.0,315.0,125.8968,245.4913,300.413,52.7059,103.2161,24.078,scalene,obtuse,0.4191,79.1381,2.3862,79.1381
triangles_original/094_T1.jpg,094,tilted,book,triangles_marked/094_T1_marked.jpg,1024.0,768.0,488.0,260.0,551.0,369.0,790.0,300.0,125.8968,248.7609,304.6375,52.4279,103.9235,23.6485,scalene,obtuse,0.4133,80.275,2.4197,80.275
triangles_original/095_P0.jpg,095,planar,none,triangles_marked/095_P0_marked.jpg,768.0,1024.0,284.0,548.0,446.0,479.0,300.0,377.0,176.0824,178.1011,171.7469,61.5841,58.0097,60.4061,equilateral,acute,1.0252,2.3964,1.037,3.5744
triangles_original/095_P1.jpg,095,planar,kettle,triangles_marked/095_P1_marked.jpg,768.0,1024.0,287.0,536.0,449.0,467.0,303.0,364.0,176.0824,178.6757,172.7426,61.615,58.2726,60.1124,equilateral,acute,1.0193,1.8398,1.0343,3.3424
triangles_original/095_T0.jpg,095,tilted,none,triangles_marked/095_T0_marked.jpg,1024.0,768.0,486.0,197.0,422.0,277.0,595.0,272.0,102.45,173.0722,132.3102,94.129,49.6847,36.1863,scalene,obtuse,0.7743,13.4984,1.6893,57.9427
triangles_original/095_T1.jpg,095,tilted,kettle,triangles_marked/095_T1_marked.jpg,1024.0,768.0,467.0,208.0,403.0,286.0,577.0,281.0,100.896,174.0718,132.0189,95.7996,48.9847,35.2157,scalene,obtuse,0.7643,13.769,1.7253,60.5839
triangles_original/096_P0.jpg,096,planar,none,triangles_marked/096_P0_marked.jpg,768.0,1024.0,140.0,643.0,642.0,607.0,346.0,187.0,503.2892,513.8249,500.3719,61.5869,58.9271,59.486,equilateral,acute,1.0058,0.5589,1.0269,2.6598
triangles_original/096_P1.jpg,096,planar,apple,triangles_marked/096_P1_marked.jpg,768.0,1024.0,122.0,639.0,629.0,594.0,324.0,173.0,508.9931,519.8711,507.8976,61.4923,59.1501,59.3576,equilateral,acute,1.0022,0.2075,1.0236,2.3422
triangles_original/096_T0.jpg,096,tilted,none,triangles_marked/096_T0_marked.jpg,1024.0,768.0,896.0,292.0,465.0,192.0,280.0,424.0,442.4489,296.7305,629.9841,25.1573,115.5068,39.3359,scalene,obtuse,0.7023,76.1709,2.1231,90.3495
triangles_original/096_T1.jpg,096,tilted,apple,triangles_marked/096_T1_marked.jpg,1024.0,768.0,893.0,289.0,465.0,195.0,280.0,424.0,438.2009,294.3909,627.6894,24.8069,116.5464,38.6467,scalene,obtuse,0.6981,77.8996,2.1322,91.7395
triangles_original/097_P0.jpg,097,planar,none,triangles_marked/097_P0_marked.jpg,1024.0,768.0,754.0,119.0,575.0,267.0,800.0,347.0,232.2606,238.7991,232.5941,61.8221,59.1576,59.0203,equilateral,acute,0.9986,0.1373,1.0282,2.8018
triangles_original/097_P1.jpg,097,planar,box,triangles_marked/097_P1_marked.jpg,1024.0,768.0,750.0,120.0,571.0,269.0,797.0,347.0,232.8991,239.0816,231.8146,61.9236,58.8153,59.2611,equilateral,acute,1.0047,0.4458,1.0313,3.1083
triangles_original/097_T0.jpg,097,tilted,none,triangles_marked/097_T0_marked.jpg,1024.0,768.0,153.0,291.0,401.0,340.0,340.0,198.0,252.7944,154.5477,208.8492,37.6189,55.5761,86.8049,scalene,acute,1.2104,31.2288,1.6357,49.186
triangles_original/097_T1.jpg,097,tilted,box,triangles_marked/097_T1_marked.jpg,1024.0,768.0,171.0,274.0,415.0,320.0,355.0,180.0,248.2982,152.3155,206.6204,37.7375,56.1251,86.1375,scalene,acute,1.2017,30.0124,1.6302,48.4
triangles_original/098_P0.jpg,098,planar,none,triangles_marked/098_P0_marked.jpg,1024.0,768.0,308.0,390.0,196.0,348.0,218.0,461.0,119.6161,115.1217,114.6342,58.8256,58.4268,62.7476,isosceles,acute,1.0435,4.3208,1.0435,4.3208
triangles_original/098_P1.jpg,098,planar,stool,triangles_marked/098_P1_marked.jpg,1024.0,768.0,310.0,396.0,197.0,357.0,224.0,476.0,119.5408,122.0246,117.4564,61.9712,58.1753,59.8535,equilateral,acute,1.0177,1.6782,1.0389,3.7959
triangles_original/098_T0.jpg,098,tilted,none,triangles_marked/098_T0_marked.jpg,1024.0,768.0,459.0,295.0,335.0,317.0,454.0,386.0,125.9365,137.5573,91.1373,76.7944,40.1672,63.0384,scalene,acute,1.3818,22.8712,1.5093,36.6271
triangles_original/098_T1.jpg,098,tilted,stool,triangles_marked/098_T1_marked.jpg,1024.0,768.0,460.0,291.0,333.0,312.0,455.0,385.0,128.7245,142.1724,94.1329,77.5661,40.2838,62.1501,scalene,acute,1.3675,21.8663,1.5103,37.2823
triangles_original/099_P0.jpg,099,planar,none,triangles_marked/099_P0_marked.jpg,768.0,1024.0,623.0,338.0,219.0,698.0,125.0,205.0,541.1248,501.8815,515.4542,56.6568,59.0911,64.2521,isosceles,acute,1.0498,5.161,1.0782,7.5953
triangles_original/099_P1.jpg,099,planar,laptop,triangles_marked/099_P1_marked.jpg,768.0,1024.0,608.0,356.0,199.0,718.0,112.0,220.0,546.1914,505.5423,514.3073,56.8449,58.3979,64.7572,isosceles,acute,1.062,6.3593,1.0804,7.9124
triangles_original/099_T0.jpg,099,tilted,none,triangles_marked/099_T0_marked.jpg,768.0,1024.0,288.0,603.0,263.0,289.0,624.0,209.0,314.9937,369.758,517.8146,45.0094,97.943,37.0475,scalene,obtuse,0.6083,60.8955,1.6439,60.8955
triangles_original/099_T1.jpg,099,tilted,laptop,triangles_marked/099_T1_marked.jpg,768.0,1024.0,283.0,596.0,259.0,284.0,619.0,208.0,312.9217,367.9348,513.2641,45.2906,97.522,37.1874,scalene,obtuse,0.6097,60.3347,1.6402,60.3347
triangles_original/100_P0.jpg,100,planar,none,triangles_marked/100_P0_marked.jpg,768.0,1024.0,206.0,375.0,433.0,634.0,102.0,687.0,344.398,335.2163,328.8769,59.6678,57.8642,62.468,equilateral,acute,1.0472,4.6039,1.0472,4.6039
triangles_original/100_P1.jpg,100,planar,pillow,triangles_marked/100_P1_marked.jpg,768.0,1024.0,207.0,365.0,435.0,623.0,104.0,679.0,344.308,335.7037,330.4618,59.6285,58.1349,62.2366,equilateral,acute,1.0419,4.1017,1.0419,4.1017
triangles_original/100_T0.jpg,100,tilted,none,triangles_marked/100_T0_marked.jpg,1024.0,768.0,381.0,266.0,733.0,358.0,482.0,561.0,363.8241,322.8157,311.8108,56.4528,53.6121,69.9351,scalene,acute,1.1668,16.323,1.1668,16.323
triangles_original/100_T1.jpg,100,tilted,pillow,triangles_marked/100_T1_marked.jpg,1024.0,768.0,391.0,266.0,745.0,358.0,491.0,562.0,365.7595,325.7791,312.4356,56.7649,53.3378,69.8972,scalene,acute,1.1707,16.5594,1.1707,16.5594
